x,y,time
731.959,358.209,843729922781
725.258,358.226,843729953040
720.17,357.446,843729983193
711.544,358.201,843730013432
702.007,359.442,843730043682
692.274,361.214,843730073844
685.911,362.095,843730104093
680.275,362.513,843730134246
675.358,363.219,843730164496
670.966,364.652,843730194648
669.033,364.065,843730224714
667.738,362.605,843730254963
665.71,361.261,843730285300
664.675,360.223,843730315453
663.367,359.122,843730345703
662.275,359.206,843730375874
661.529,359.428,843730406122
666.12,359.321,843730436459
680.935,357.281,843730466713
704.812,352.626,843730496844
729.275,348.667,843730527098
747.071,345.714,843730557255
759.522,342.175,843730587509
769.962,339.939,843730617653
778.832,339.333,843730647892
783.132,339.068,843730678050
785.53,338.262,843730708304
788.202,337.916,843730738369
789.658,337.772,843730768724
791.873,337.702,843730798988
793.094,336.973,843730829145
793.041,336.517,843730859399
793.617,336.75,843730889566
794.449,337.795,843730919723
794.795,337.856,843730949986
795.059,337.776,843730980222
795.572,337.627,843731010269
795.855,338.55,843731040615
796.915,349.48,843731070888
800.047,371.012,843731100962
804.411,391.696,843731131221
833.609,405.434,843731161373
866.832,410.587,843731191720
891.028,414.21,843731221887
906.689,416.906,843731252140
916.324,422.213,843731282297
920.896,422.656,843731312446
918.33,415.538,843731342700
915.966,409.994,843731372945
914.698,406.473,843731403000
913.749,403.766,843731433346
913.36,401.478,843731463513
912.803,398.85,843731493776
912.183,396.176,843731523934
912.592,395.623,843731554091
912.303,396.071,843731584364
912.543,396.664,843731614627
913.255,396.995,843731644785
913.428,397.385,843731675038
913.789,397.895,843731705195
914.022,398.227,843731735440
914.437,399.496,843731765607
915.052,403.047,843731795852
915.941,406.982,843731826087
917.125,410.373,843731856351
917.575,413.24,843731886508
914.552,416.924,843731916753
871.218,429.229,843731946919
812.254,447.164,843731977017
764.697,461.335,843732007354
734.419,467.014,843732037530
717.722,471.661,843732067692
716.231,479.649,843732097941
717.271,485.152,843732128117
718.602,489.87,843732158371
720.512,495.054,843732188437
722.661,498.609,843732218801
723.928,500.408,843732248875
724.317,501.422,843732279221
724.235,501.853,843732309397
724.799,501.942,843732339661
725.156,501.755,843732369896
725.029,501.612,843732400053
724.612,501.66,843732430316
724.429,501.517,843732460474
724.169,498.443,843732490737
723.037,490.025,843732520991
722.127,478.363,843732551149
721.754,466.925,843732581306
720.876,457.55,843732611560
718.273,451.101,843732641795
718.516,446.332,843732671962
719.974,442.535,843732702198
721.808,439.309,843732732452
724.3,437.129,843732762499
725.934,435.564,843732792845
717.551,414.628,843732823020
687.462,326.836,843732853160
662.034,246.121,843732883312
648.541,202.353,843732913368
643.485,184.812,843732943434
640.637,173.518,843732973771
638.549,169.524,843733003836
630.341,157.219,843733034085
617.95,140.939,843733064238
609.548,124.874,843733094575
603.747,115.422,843733124613
599.953,107.479,843733154950
596.04,103.608,843733185005
593.29,100.638,843733215352
592.533,96.4556,843733245417
592.105,94.7011,843733275561
593.31,93.3517,843733305898
594.64,91.2235,843733336138
593.801,88.6225,843733366176
592.664,87.7927,843733396328
591.342,86.6768,843733426656
589.601,84.8877,843733456731
614.049,81.4142,843733486980
657.608,78.7629,843733517046
699.533,75.4236,843733547401
729.484,71.6505,843733577457
749.27,71.9817,843733607803
762.248,71.6861,843733638140
771.765,72.0093,843733668293
778.167,73.2912,843733698358
782.639,73.6567,843733728589
786.939,74.2894,843733758963
787.93,74.4314,843733789125
788.767,73.7852,843733819374
790.429,74.0335,843733849729
791.23,74.6035,843733879785
792.003,75.0012,843733909947
787.72,72.7827,843733940206
781.803,70.3103,843733970304
773.233,65.7452,843734000650
762.505,61.2892,843734030987
754.23,59.9016,843734061052
749.471,59.6477,843734091301
774.693,84.6971,843734121454
839.218,176.016,843734151782
894.339,255.017,843734182146
924.697,302.318,843734212395
936.869,323.497,843734242741
943.516,332.023,843734272917
945.9,351.125,843734303162
902.765,519.293,843734333398
860.308,657.108,843734363564
841.975,715.998,843734393828
834.409,733.144,843734424082
835.806,733.003,843734454229
838.891,732.362,843734484474
838.378,733.274,843734514650
837.226,733.272,843734544904
846.133,725.792,843734575070
854.572,716.693,843734605333
858.916,713.024,843734635473
862.795,711.134,843734665640
866.044,709.151,843734695876
868.708,707.13,843734726129
871.081,706.141,843734756286
872.862,705.723,843734786559
874.624,704.451,843734816822
876.187,703.038,843734846980
877.355,701.854,843734877215
885.52,705.459,843734907391
902.455,716.401,843734937635
920.98,731.419,843734967862
937.208,741.398,843734998020
949.888,747.047,843735028274
957.409,752.843,843735058422
963.989,756.237,843735088694
968.749,757.053,843735118833
971.297,755.852,843735148990
973.999,756.005,843735179235
975.722,756.408,843735209489
947.963,753.709,843735239647
816.543,732.33,843735269873
687.06,716.482,843735300095
605.011,707.646,843735330312
560.806,703.074,843735360539
539.022,700.314,843735390669
528.138,700.825,843735420923
523.265,700.874,843735451098
521.446,701.152,843735481343
523.706,698.383,843735511501
562.206,658.965,843735541727
607.756,598.158,843735571884
641.613,551.617,843735602051
660.202,527.543,843735632305
672.377,513.33,843735662550
681.077,504.953,843735692767
684.799,502.258,843735722925
687.957,500.62,843735753081
689.993,500.176,843735783335
691.177,500.225,843735813589
691.936,500.487,843735843821
697.711,501.507,843735873978
703.5,502.266,843735904135
707.464,503.234,843735934362
710.35,504.114,843735964625
712.626,503.745,843735994792
714.811,503.402,843736025046
716.957,504.181,843736055267
718.517,504.432,843736085434
720.234,504.426,843736115698
720.987,503.931,843736145863
721.433,503.638,843736176021
721.75,503.321,843736206266
722.21,503.834,843736236529
719.445,498.713,843736266686
708.281,481.375,843736296853
695.687,462.384,843736327089
685.702,447.524,843736357247
679.86,437.474,843736387409
676.638,429.413,843736417657
672.179,422.81,843736447810
668.696,416.996,843736478060
666.794,414.351,843736508204
664.625,413.297,843736538452
664.454,412.956,843736568596
665.309,412.31,843736598653
662.49,405.801,843736628999
657.744,394.722,843736659083
653.423,385.981,843736689341
650.281,380.849,843736719668
648.109,379.563,843736749725
646.277,379.449,843736780080
645.101,378.39,843736810301
644.408,376.347,843736840445
643.838,374.32,843736870589
642.95,372.427,843736900820
641.843,370.454,843736930982
640.852,368.695,843736961241
640.13,368.449,843736991490
639.786,368.766,843737021781
639.799,369.126,843737052053
639.418,368.944,843737082211
638.851,369.024,843737112373
638.328,368.915,843737142719
638.4,367.83,843737172774
638.746,366.547,843737202927
638.46,365.979,843737233177
638.292,366.209,843737263514
638.299,366.862,843737293570
638.524,367.414,843737323907
638.265,367.648,843737354101
632.814,374.845,843737384235
621.161,393.531,843737414590
608.01,414.067,843737444853
598.293,428.553,843737474910
593.032,437.725,843737505256
590.304,445.221,843737535487
586.213,451.096,843737565654
583.68,455.66,843737595908
582.734,459.082,843737625973
582.527,460.156,843737656319
582.065,461.995,843737686545
589.335,474.765,843737716726
599.179,491.87,843737746902
606.429,506.363,843737777165
610.993,516.207,843737807322
613.233,523.669,843737837585
615.438,527.243,843737867784
622.377,545.782,843737897992
629.116,572.692,843737928168
632.858,594.642,843737958312
635.873,608.035,843737988616
638.324,615.101,843738018843
640.423,620.357,843738048991
641.463,623.535,843738079245
642.174,625.76,843738109457
641.718,626.796,843738139675
641.878,627.797,843738169832
641.432,628.299,843738200077
641.803,628.51,843738230299
642.466,629.129,843738260456
662.51,631.713,843738290701
716.619,634.095,843738320876
772.37,636.729,843738351043
814.398,639.412,843738381288
838.364,645.332,843738411542
853.048,649.287,843738441690
863.062,653.86,843738471925
869.333,657.287,843738502074
873.03,659.567,843738532241
875.257,662.272,843738562477
877.515,663.259,843738592721
879.116,663.582,843738622966
880.958,664.041,843738653133
882.06,664.565,843738683290
884.732,664.296,843738713534
889.843,638.746,843738743779
896.232,590.625,843738773919
903.948,556.713,843738804163
909.729,537.962,843738834311
912.133,525.857,843738864556
914.543,518.111,843738894810
916.588,514.666,843738925027
918.026,511.366,843738955194
918.128,508.517,843738985351
919.214,507.211,843739015605
920.634,506.372,843739045868
920.111,505.731,843739076086
919.432,504.018,843739106243
918.895,502.416,843739136497
919.065,502.305,843739166645
919.269,502.433,843739196908
918.204,500.968,843739227066
916.777,497.154,843739257329
915.349,491.351,843739287495
914.212,485.92,843739317731
912.554,481.743,843739347889
911.612,478.105,843739378143
912.22,475.376,843739408310
912.936,472.747,843739438573
913.275,470.092,843739468730
914.3,467.539,843739498984
915.48,461.999,843739529151
916.802,448.141,843739559308
917.332,429.478,843739589580
917.501,415.286,843739619728
917.873,403.463,843739649983
919.666,394.241,843739680140
921.317,387.841,843739710404
921.982,381.454,843739740657
922.326,376.408,843739770814
921.948,374.667,843739801068
920.599,372.921,843739831235
919.866,371.386,843739861383
919.676,369.856,843739891646
919.395,368.857,843739921900
919.407,368.012,843739952058
918.655,367.518,843739982206
918.289,367.975,843740012460
917.93,368.59,843740042715
917.876,369.055,843740072844
918.376,368.935,843740103107
918.711,368.558,843740133256
918.706,368.31,843740163422
918.676,368.177,843740193685
918.945,368.565,843740223957
919.137,368.834,843740254115
919.594,369.181,843740284378
919.369,369.915,843740314527
900.365,374.534,843740344781
860.696,384.796,843740374933
819.794,397.051,843740405182
790.215,405.549,843740435363
770.44,410.654,843740465613
740.192,413.79,843740495866
704.461,419.245,843740526023
677.494,424.258,843740556296
661.596,427.74,843740586550
651.479,429.769,843740616708
644.352,428.897,843740646865
640.466,426.979,843740677138
636.73,426.549,843740707295
634.143,425.96,843740737549
632.089,426.148,843740767706
629.882,426.043,843740797960
628.537,425.886,843740828214
626.447,425.964,843740858270
625.417,425.303,843740888607
625.115,424.49,843740918774
625.436,423.957,843740949009
625.872,423.509,843740979158
626.101,424.261,843741009412
625.643,426.258,843741039587
625.155,428.696,843741069841
625.094,431.524,843741099980
632.876,433.903,843741130234
683.058,435.212,843741160391
748.088,435.677,843741190627
800.26,435.851,843741220881
834.506,435.925,843741251108
856.182,433.399,843741281284
868.885,428.787,843741311431
862.742,423.366,843741341667
856.789,420.482,843741371912
853.282,419.408,843741402129
851.016,418.749,843741432337
849.942,418.721,843741462545
848.91,418.581,843741492744
847.778,418.567,843741522952
846.985,418.231,843741553138
846.11,417.6,843741583373
845.183,416.943,843741613539
844.371,416.197,843741643793
843.681,415.966,843741673951
842.817,415.882,843741704177
841.812,415.391,843741734343
840.815,415.032,843741764616
839.45,415.286,843741794824
838.102,416.232,843741824991
837.513,417.42,843741855245
837.033,418.498,843741885384
835.741,419.936,843741915647
834.69,421.606,843741945805
832.495,423.833,843741976068
798.408,481.423,843742006308
750.434,575.12,843742036488
720.433,637.208,843742066655
709.258,665.687,843742096918
703.06,677.187,843742127131
702.228,683.55,843742157339
700.702,688.188,843742187565
698.482,690.768,843742217764
697.192,690.677,843742247953
697.245,690.241,843742278102
697.382,689.895,843742308356
696.602,690.089,843742338559
696.151,690.437,843742368726
696.015,690.764,843742398980
696.384,690.942,843742429201
696.861,691.924,843742459359
696.652,691.858,843742489613
696.068,691.428,843742519834
695.73,691.379,843742550024
695.227,691.562,843742580182
695.231,690.94,843742610445
695.354,689.543,843742640602
695.124,686.634,843742670856
697.229,683.279,843742701064
697.708,681.323,843742731272
697.073,679.636,843742761489
697.323,678.068,843742791697
697.486,677.046,843742821905
697.068,675.695,843742852123
696.599,673.806,843742882331
697.828,672.579,843742912479
698.293,672.45,843742942733
697.457,672.218,843742972954
697.213,671.818,843743003153
697.016,671.807,843743033352
696.989,671.588,843743063542
697.151,670.945,843743093690
696.673,670.644,843743123963
678.514,665.513,843743154184
606.3,632.633,843743184383
533.938,592.498,843743214609
485.235,564.739,843743244799
460.742,548.617,843743274915
449.949,537.931,843743305178
450.892,524.919,843743335345
453.127,508.762,843743365516
453.831,497.343,843743395811
454.302,488.896,843743425890
455.02,483.542,843743456181
455.91,479.203,843743486435
456.562,477.538,843743516501
456.977,476.008,843743546838
456.521,473.706,843743576995
454.008,470.543,843743607051
449.762,463.823,843743637406
446.492,457.538,843743667670
443.685,452.331,843743697781
441.165,450.691,843743728072
439.925,450.758,843743758280
438.3,449.537,843743788423
437.59,455.277,843743818723
437.863,464.137,843743848812
437.828,478.577,843743879011
439.285,493.074,843743909127
440.642,505.811,843743939224
439.254,513.757,843743969543
439.54,520.872,843743999843
437.97,526.824,843744030115
436.391,531.51,843744060231
434.581,534.087,843744090297
434.711,536.137,843744120652
435.168,538.344,843744150745
435.359,541.017,843744181004
435.38,542.088,843744211359
435.741,541.276,843744241470
435.461,540.775,843744271779
434.853,540.477,843744302024
434.759,540.156,843744332241
434.498,540.401,843744362348
434.579,540.916,843744392657
434.653,541.223,843744422874
434.478,541.567,843744452981
434.275,542.181,843744483290
434.48,542.996,843744513457
434.536,543.903,843744543730
434.66,545.091,843744573951
434.623,545.951,843744604058
434.968,546.577,843744634340
435.267,547.214,843744664557
435.71,547.753,843744694664
436.132,547.887,843744724964
436.514,547.968,843744755162
443.55,553.425,843744785370
459.671,566.571,843744815597
477.602,580.827,843744845814
493.556,594.652,843744876022
504.897,602.336,843744906230
513.471,608.741,843744936438
520.169,613.713,843744966646
524.972,617.188,843744996863
527.831,619.89,843745027071
530.781,621.297,843745057279
533.215,622.915,843745087487
533.478,623.734,843745117695
533.419,623.583,843745147894
533.758,624.863,843745178111
534.493,626.509,843745208319
559.341,652.431,843745238509
601.5,702.559,843745268666
635.062,741.047,843745298920
656.031,764.142,843745329124
668.744,777.952,843745359281
676.406,787.314,843745389517
680.088,793.282,843745419655
682.373,796.187,843745449900
683.975,797.608,843745480021
684.055,798.843,843745510303
683.756,799.505,843745540459
683.229,800.234,843745570714
682.956,801.152,843745600862
699.903,797.706,843745631107
777.015,738.324,843745661283
869.467,649.408,843745691449
928.379,595.312,843745721589
955.706,571.364,843745751843
968.043,561.68,843745782106
974.505,554.936,843745812369
976.891,551.723,843745842614
978.671,552.147,843745872771
980.382,554.889,843745903016
980.249,556.225,843745933228
979.015,557.274,843745963446
979.402,557.19,843745993585
981.047,557.19,843746023830
988.192,540.384,843746053996
993.339,509.318,843746084154
996.989,485.237,843746114398
1000.28,474.228,843746144643
1001.05,466.858,843746174809
1001.58,462.189,843746205063
1001.96,458.132,843746235230
1003.31,455.049,843746265503
1003.11,453.19,843746295724
1003.77,451.973,843746325891
1004.22,453.125,843746356155
1000.29,448.994,843746386311
970.303,384.639,843746416478
939.874,294.741,843746446626
924.824,242.115,843746476784
919.854,221.405,843746506946
914.072,212.383,843746537098
909.597,206.736,843746567348
866.714,171.223,843746597413
797.998,114.213,843746627759
750.119,89.3204,843746657912
729.126,77.9281,843746687968
718.505,69.3993,843746718121
712.948,64.6549,843746748379
709.688,60.649,843746778725
705.792,59.8333,843746808773
704.44,61.3951,843746839119
703.257,63.8741,843746869369
701.801,64.3847,843746899521
700.991,64.1914,843746929665
701.058,62.6415,843746959730
701.746,61.5248,843746989989
682.906,62.4885,843747020044
646.981,64.2951,843747050399
612.712,64.4184,843747080746
583.06,65.6319,843747110889
562.366,65.1928,843747141121
549.48,63.5117,843747171457
541.992,62.1379,843747201610
538.025,62.9861,843747231860
535.615,62.4539,843747262004
533.778,63.2929,843747292068
532.194,63.5131,843747322327
531.34,63.3272,843747352655
530.711,64.5161,843747382808
530.29,65.3677,843747413163
530.056,64.9982,843747443218
530.407,64.5247,843747473468
530.722,64.1223,843747503534
530.266,63.8239,843747533862
550.579,81.4746,843747563926
614.596,152.912,843747594217
669.55,215.555,843747624370
700.499,250.036,843747654725
718.246,268.531,843747684887
729.001,277.507,843747715128
735.561,285.434,843747745299
736.366,287.982,843747775548
738.897,287.401,843747805866
740.134,283.747,843747835932
741.543,280.41,843747866067
742.128,279.458,843747896326
742.405,279.247,843747926478
742.722,279.127,843747956824
743.014,278.303,843747987055
742.791,277.5,843748017198
742.485,277.007,843748047448
742.377,276.799,843748077610
742.464,277.027,843748107868
742.63,276.91,843748138118
743.392,276.234,843748168280
744.843,275.983,843748198337
746.275,276.72,843748228683
747.806,277.246,843748258940
749.594,277.999,843748288988
751.651,279.375,843748319361
757.259,304.107,843748349726
765.815,355.528,843748380100
770.766,397.519,843748410344
772.408,422.347,843748440391
774.299,436.988,843748470650
773.357,443.028,843748500931
774.882,446.079,843748531098
753.103,445.038,843748561343
729.452,442.461,843748591597
713.762,441.261,843748621754
703.033,440.81,843748652008
694.103,439.939,843748682156
696.42,411.887,843748712313
709.381,347.882,843748742370
719.761,287.95,843748772734
723.982,249.346,843748802887
726.548,229.434,843748833119
727.535,215.977,843748863174
808.988,204.893,843748893327
871.282,200.92,843748923586
908.489,199.474,843748953932
929.462,200.069,843748983988
941.827,200.277,843749014334
948.524,194.76,843749044390
952.224,191.263,843749074736
948.66,197.621,843749104889
930.885,247.427,843749135226
876.329,482.676,843749165516
833.716,674.753,843749195780
813.245,743.425,843749226020
808.279,765.096,843749256178
808.471,774.111,843749286432
808.068,771.709,843749316588
804.455,768.817,843749346746
803.493,767.453,843749376991
804.207,766.06,843749407245
802.887,765.786,843749437402
802.993,766.119,843749467656
803.673,765.75,843749497832
803.426,764.857,843749528077
797.883,757.702,843749558216
787.664,745.459,843749588443
772.884,726.995,843749618650
756.99,710.457,843749648817
745.191,698.16,843749679071
737.775,690.504,843749709284
732.26,686.495,843749739473
728.56,684.958,843749769631
726.423,683.214,843749799894
724.656,681.411,843749830106
723.532,680.568,843749860342
725.25,672.382,843749890532
727.373,658.361,843749920739
729.625,642.121,843749950907
730.897,630.646,843749981160
732.738,623.116,843750011317
735.851,618.235,843750041590
736.547,616.538,843750071747
736.542,615.376,843750101904
736.682,616.297,843750132167
736.63,615.431,843750162307
735.939,612.997,843750192561
733.541,609.53,843750222815
730.912,605.092,843750253019
727.548,598.724,843750283273
724.037,593.392,843750313490
721.594,588.667,843750343647
719.62,584.565,843750373901
717.347,581.05,843750404058
715.693,577.912,843750434312
722.896,573.691,843750464470
732.604,570.067,843750494715
739.687,568.783,843750524945
744.592,567.692,843750555122
749.057,565.435,843750585376
753.124,563.339,843750615569
756.873,560.251,843750645727
759.588,558.923,843750675963
762.105,558.437,843750706166
764.411,557.472,843750736374
765.67,557.049,843750766564
766.462,556.503,843750796781
767.553,556.208,843750826920
768.388,556.322,843750857174
769.073,556.19,843750887340
769.701,555.977,843750917498
770.353,555.487,843750947780
771.334,554.948,843750978052
772.048,554.846,843751008273
772.673,554.804,843751038472
773.582,555.527,843751068648
774.339,555.824,843751098921
774.594,555.736,843751129133
774.903,555.929,843751159291
775.058,556.294,843751189545
771.709,554.63,843751219757
758.073,546.524,843751249947
739.636,535.031,843751280136
721.605,524.428,843751310335
706.653,514.848,843751340552
695.426,505.979,843751370760
648.099,525.227,843751400987
597.177,552.421,843751431176
558.554,576.083,843751461375
533.984,591.756,843751491533
519.893,600.133,843751521704
510.639,605.391,843751552008
504.994,607.109,843751582180
502.737,606.567,843751612388
501.977,605.741,843751642476
500.934,605.728,843751672767
499.319,605.28,843751702984
498.288,606.134,843751733201
497.759,607.643,843751763409
497.797,608.199,843751793635
497.955,608.612,843751823853
498.518,609.216,843751854061
498.981,610.12,843751884250
499.699,611.336,843751914458
499.833,612.623,843751944685
499.895,613.226,843751974801
508.999,614.422,843752005082
537.788,619.301,843752035318
574.316,625.171,843752065485
605.316,633.361,843752095721
624.273,639.207,843752125942
637.947,641.249,843752156168
647.955,642.365,843752186308
654.296,645.034,843752216446
658.15,646.49,843752246700
661.448,648.792,843752276982
663.459,650.842,843752307199
663.128,652.353,843752337357
662.944,652.96,843752367611
662.997,652.939,843752397749
663.122,653.42,843752427994
664.438,653.232,843752458202
672.143,652.935,843752488360
681.331,651.654,843752518517
689.851,650.221,843752548780
697.168,649.106,843752578929
702.37,648.478,843752609183
706.039,648.161,843752639437
708.434,647.437,843752669594
710.965,645.776,843752699847
713.76,644.586,843752730005
715.315,643.895,843752760154
717.647,642.347,843752790408
719.34,640.731,843752820671
720.491,639.52,843752850828
721.594,638.552,843752881082
722.871,638.033,843752911322
723.439,637.346,843752941489
724.019,637.631,843752971646
724.253,637.985,843753001900
724.427,638.443,843753032154
724.321,638.746,843753062312
723.665,639.562,843753092575
723.011,640.279,843753122732
722.741,640.959,843753152995
722.81,641.871,843753183153
722.815,642.835,843753213398
722.409,643.585,843753243638
722.026,643.508,843753273814
721.756,643.326,843753303971
721.667,643.15,843753334197
721.555,643.414,843753364451
721.446,643.865,843753394609
721.486,644.341,843753424863
721.396,643.407,843753455011
722.884,631.443,843753485274
726.138,605.122,843753515422
729.646,577.999,843753545580
732.25,556.998,843753575816
733.196,541.551,843753605982
734.101,531.664,843753636236
734.557,525.272,843753666517
727.692,512.694,843753696758
702.668,493.547,843753726897
680.791,474.351,843753757170
667.264,460.191,843753787373
658.692,451.879,843753817590
653.716,446.189,843753847729
650.84,442.052,843753877905
649.033,439.658,843753908159
648.636,439.958,843753938422
649.678,440.831,843753968580
650.699,441.316,843753998824
650.829,441.075,843754029055
650.14,440.866,843754059204
649.617,439.973,843754089467
649.58,439.047,843754119615
649.142,438.925,843754149878
648.733,439.386,843754180036
648.909,439.365,843754210290
649.052,439.262,843754240502
649.275,439.225,843754270660
649.632,439.386,843754300914
649.924,439.295,843754331126
650.139,439.002,843754361315
650.526,438.677,843754391473
651.007,438.363,843754421727
651.343,438.125,843754451902
651.8,438.332,843754482156
652.05,438.471,843754512383
651.912,438.633,843754542609
651.903,438.69,843754572767
652.338,438.932,843754603021
678.182,438.88,843754633169
729.418,438.922,843754663336
774.716,439.032,843754693599
808.0,439.019,843754723756
831.08,437.803,843754754010
845.517,436.843,843754784282
853.65,435.374,843754814440
857.66,435.694,843754844694
859.574,434.806,843754874925
860.319,433.119,843754905101
844.149,412.575,843754935258
811.57,369.391,843754965407
781.566,325.228,843754995642
760.713,293.434,843755025869
750.998,275.254,843755056025
746.215,269.005,843755086252
726.02,236.42,843755116281
695.885,186.126,843755146540
678.46,156.074,843755176683
669.572,143.823,843755206758
665.682,137.189,843755236998
662.541,134.982,843755267160
662.314,134.523,843755297497
661.299,134.07,843755327834
660.354,134.966,843755357898
659.739,134.969,843755388061
659.422,135.876,843755418310
658.954,136.26,843755448482
658.47,136.042,843755478731
658.018,135.941,843755509059
657.6,135.913,843755539115
657.357,135.303,843755569276
657.426,134.466,843755599526
658.449,134.892,843755629688
663.121,141.097,843755659937
673.447,156.915,843755690302
684.377,174.513,843755720358
695.95,187.978,843755750474
704.588,197.131,843755780733
709.92,203.479,843755811079
712.314,206.076,843755841135
713.425,207.778,843755871210
716.617,208.796,843755901344
719.529,208.264,843755931681
721.526,207.593,843755962018
723.515,207.802,843755992276
725.117,207.583,843756022438
726.288,206.963,843756052688
727.654,206.528,843756082849
728.05,222.523,843756113196
726.429,256.34,843756143505
725.709,290.508,843756173648
724.765,314.154,843756203889
722.418,327.804,843756233945
722.401,336.387,843756264318
724.052,340.003,843756294384
701.996,360.773,843756324730
676.083,384.588,843756355058
658.667,402.792,843756385279
647.293,413.256,843756415336
639.973,419.813,843756445645
634.286,423.791,843756475890
631.938,424.979,843756505945
630.493,424.825,843756536300
629.781,424.978,843756566468
629.708,425.627,843756596712
629.853,425.587,843756626869
630.553,420.469,843756657105
631.907,413.197,843756687253
634.525,401.563,843756717420
637.829,388.844,843756747684
642.073,379.32,843756777831
644.555,372.905,843756807989
645.257,366.483,843756838243
630.905,378.781,843756868497
600.037,415.585,843756898751
556.158,475.17,843756928977
523.687,521.088,843756959194
503.878,549.545,843756989384
495.09,565.744,843757019481
491.721,573.501,843757049781
487.017,585.627,843757079990
486.632,601.477,843757110188
486.746,613.585,843757140396
487.189,622.447,843757170503
486.805,626.539,843757200831
487.102,628.584,843757231057
487.053,630.123,843757261265
485.521,631.65,843757291482
485.131,631.868,843757321631
484.694,632.813,843757351793
485.069,633.153,843757382097
485.043,634.151,843757412314
484.644,635.367,843757442522
484.018,634.656,843757472730
482.995,633.722,843757502888
481.901,633.348,843757533142
481.011,633.733,843757563345
480.116,633.68,843757593544
479.117,633.497,843757623752
478.879,632.97,843757653969
478.776,632.775,843757684195
478.13,632.478,843757714413
477.64,632.266,843757744598
477.615,631.898,843757774843
477.534,631.84,843757805064
477.426,631.814,843757835272
477.462,631.904,843757865480
477.55,632.016,843757895697
477.702,631.846,843757925924
478.584,632.696,843757956113
501.555,649.937,843757986321
542.676,686.827,843758016489
578.911,719.543,843758046733
604.205,741.594,843758076881
619.509,755.518,843758107135
632.347,763.86,843758137293
636.665,769.064,843758167556
639.09,772.157,843758197787
639.818,784.191,843758227945
641.547,798.178,843758258208
641.318,810.436,843758288402
641.176,819.696,843758318550
642.668,823.711,843758348795
640.493,827.169,843758379007
639.569,830.465,843758409224
638.982,832.5,843758439432
639.688,833.294,843758469590
639.302,833.948,843758499853
637.895,834.32,843758530056
636.957,835.585,843758560255
636.103,836.802,843758590454
635.533,837.295,843758620662
635.114,838.843,843758650811
638.842,839.974,843758681092
648.884,838.464,843758711249
662.397,837.677,843758741407
675.266,835.754,843758771661
685.21,833.754,843758801924
693.184,830.133,843758832081
699.273,827.016,843758862239
703.688,825.454,843758892493
708.796,823.197,843758922558
712.638,820.02,843758952904
716.492,817.107,843758983168
719.273,814.471,843759013315
720.59,813.258,843759043569
722.072,812.064,843759073727
723.319,811.489,843759103990
724.08,810.644,843759134235
724.767,810.04,843759164393
725.034,810.332,843759194646
725.539,810.142,843759224803
725.748,810.074,843759255057
726.019,810.501,843759285284
726.21,810.818,843759315460
726.78,811.513,843759345705
727.628,812.744,843759375862
728.534,813.371,843759406020
728.978,813.891,843759436273
728.961,814.723,843759466527
729.543,815.651,843759496684
729.946,816.269,843759526938
730.327,816.613,843759557096
730.588,817.247,843759587350
731.002,817.843,843759617508
731.544,818.124,843759647762
731.755,818.943,843759677997
731.835,819.478,843759708205
731.824,819.981,843759738363
731.587,820.599,843759768617
731.278,820.848,843759798774
730.969,821.592,843759829028
730.974,821.427,843759859185
731.022,820.252,843759889342
731.275,819.183,843759919596
731.806,818.331,843759949832
732.325,818.114,843759980059
732.897,818.5,843760010248
733.134,818.967,843760040415
733.141,819.57,843760070669
733.804,819.557,843760100900
734.286,819.275,843760131117
734.322,819.183,843760161266
734.504,818.937,843760191566
734.797,818.998,843760221677
734.75,818.618,843760251844
734.789,818.313,843760282134
734.953,818.122,843760312324
735.305,817.928,843760342546
735.813,817.558,843760372703
736.206,816.876,843760402860
736.635,816.309,843760433027
740.754,809.752,843760463263
748.488,789.385,843760493517
753.354,769.654,843760523670
756.478,759.521,843760553983
757.672,754.753,843760584200
758.315,749.168,843760614408
758.629,745.3,843760644566
760.666,742.498,843760674820
762.244,739.886,843760705041
763.513,737.186,843760735249
763.194,731.17,843760765457
762.994,723.455,843760795656
762.449,716.678,843760825864
762.242,709.839,843760856072
761.888,706.045,843760886262
761.455,703.676,843760916488
761.149,702.468,843760946687
761.888,702.697,843760976877
762.823,702.795,843761007112
763.014,702.682,843761037320
762.646,703.066,843761067528
762.377,703.515,843761097746
762.079,703.591,843761127944
762.186,704.017,843761158143
762.292,704.193,843761188360
762.59,704.227,843761218568
763.144,703.889,843761248776
763.348,713.82,843761278833
764.589,730.39,843761308888
766.266,755.085,843761339050
765.645,774.12,843761369397
765.855,790.156,843761399646
767.088,799.314,843761429904
766.098,811.127,843761460186
766.347,821.148,843761490440
765.116,827.336,843761520648
765.049,830.67,843761550893
764.675,833.872,843761581064
764.076,836.85,843761611272
763.378,838.442,843761641439
764.104,837.939,843761671684
766.088,836.527,843761701896
761.25,796.335,843761732003
751.774,662.873,843761762294
746.912,554.552,843761792470
747.463,505.956,843761822627
746.819,492.949,843761852831
743.602,486.899,843761883039
741.148,483.801,843761913302
736.214,480.161,843761943556
725.248,456.843,843761973713
713.252,434.458,843762003958
705.808,420.082,843762034184
700.75,413.302,843762064392
698.412,410.494,843762094550
696.711,406.754,843762124707
695.458,403.583,843762154961
695.225,402.237,843762185215
695.83,401.918,843762215382
696.296,401.347,843762245636
694.191,399.358,843762275793
690.926,397.865,843762306047
688.339,396.509,843762336204
686.8,395.138,843762366468
686.486,393.964,843762396616
686.302,393.394,843762426861
685.899,392.426,843762457027
685.677,391.877,843762487281
685.553,391.829,843762517439
685.295,390.895,843762547693
685.797,390.984,843762577947
686.112,390.822,843762608095
685.794,390.411,843762638368
685.672,390.05,843762668524
685.344,389.21,843762698778
684.901,388.608,843762728955
685.207,381.499,843762759111
686.871,370.848,843762789366
688.809,362.761,843762819523
691.029,355.538,843762849759
691.522,350.735,843762879917
692.386,345.516,843762910171
693.531,338.546,843762940425
694.647,334.483,843762970582
694.788,331.221,843763000826
695.201,329.149,843763030984
694.416,328.808,843763061238
694.441,328.256,843763091395
694.778,326.2,843763121649
695.232,324.712,843763151797
695.848,323.034,843763182052
696.006,322.082,843763212200
695.754,322.392,843763242366
695.169,324.472,843763272620
694.632,327.646,843763302856
693.246,333.236,843763333004
692.288,339.881,843763363258
690.804,345.594,843763393415
689.909,349.638,843763423669
689.637,353.724,843763453923
694.443,357.866,843763484150
723.505,360.567,843763514308
758.173,364.863,843763544474
788.208,367.206,843763574755
810.535,370.827,843763605019
825.664,373.331,843763635176
836.789,373.122,843763665421
844.947,371.937,843763695578
847.98,371.916,843763725832
849.294,373.445,843763755990
850.577,374.819,843763786225
852.035,375.742,843763816438
853.308,376.441,843763846549
854.293,375.523,843763876803
855.499,374.903,843763907076
856.724,374.598,843763937215
857.31,373.674,843763967487
857.96,372.997,843763997663
856.575,372.665,843764027917
855.207,372.136,843764058056
854.044,371.833,843764088328
852.637,371.77,843764118486
850.815,371.869,843764148731
849.455,371.975,843764178948
848.036,372.01,843764209123
846.475,371.906,843764239281
844.881,372.494,843764269526
827.9,372.665,843764299789
790.206,373.646,843764329937
754.271,377.72,843764360094
727.375,380.105,843764390348
707.299,379.18,843764420575
693.107,377.91,843764450733
682.836,377.449,843764480987
675.495,375.228,843764511213
669.858,374.274,843764541361
679.47,384.81,843764571615
693.689,406.226,843764601800
709.01,430.182,843764632054
721.103,447.397,843764662221
729.547,462.134,843764692377
735.083,473.998,843764722632
738.852,480.533,843764752876
739.424,483.372,843764783103
740.959,486.264,843764813261
783.979,484.972,843764843515
834.359,479.589,843764873662
876.091,474.679,843764903829
906.399,472.236,843764934083
923.828,471.129,843764964240
934.53,470.626,843764994494
941.925,469.681,843765024670
945.732,469.835,843765054934
946.512,475.41,843765085092
946.16,482.409,843765115373
946.068,487.431,843765145627
945.597,491.409,843765175738
945.195,494.182,843765206001
945.717,496.036,843765236241
945.593,498.287,843765266445
947.666,508.7,843765296699
949.825,526.864,843765326866
950.762,545.082,843765357032
950.181,558.429,843765387189
950.389,565.693,843765417443
949.723,569.956,843765447697
950.513,573.284,843765477864
951.411,576.911,843765508100
953.122,579.483,843765538257
949.374,573.956,843765568511
945.66,569.966,843765598783
942.861,566.795,843765628964
938.98,562.332,843765659172
935.279,556.459,843765689380
931.731,550.489,843765719588
905.145,553.652,843765749796
865.678,562.525,843765779954
829.08,568.619,843765810199
800.7,572.446,843765840383
780.757,574.239,843765870637
767.085,577.082,843765900795
759.472,580.27,843765931049
757.436,583.413,843765961270
754.859,584.299,843765991428
753.463,584.13,843766021682
751.72,584.308,843766051894
748.731,580.972,843766082102
745.613,577.428,843766112251
743.562,572.939,843766142505
741.359,568.6,843766172726
739.146,564.473,843766202875
738.304,561.627,843766233129
737.928,559.545,843766263341
737.928,557.606,843766293549
736.895,556.829,843766323707
736.085,555.723,843766353961
735.518,554.772,843766384118
735.241,554.083,843766414372
735.023,553.78,843766444529
734.731,553.18,843766474830
729.352,568.101,843766505051
704.691,629.06,843766535163
679.598,693.463,843766565426
665.677,731.859,843766595574
658.961,752.427,843766625828
655.871,761.566,843766655986
653.973,766.697,843766686230
653.293,770.866,843766716387
654.855,775.407,843766746641
656.342,776.342,843766776868
656.875,776.834,843766807044
657.414,775.983,843766837280
663.28,782.487,843766867538
669.976,792.561,843766897650
675.015,800.33,843766927904
679.132,806.411,843766958162
682.748,812.363,843766988320
685.653,818.144,843767018564
664.452,822.733,843767048777
617.228,822.417,843767078985
574.893,827.401,843767109193
541.002,831.616,843767139355
513.7,833.826,843767169563
497.513,836.227,843767199771
483.827,834.271,843767229979
474.062,833.191,843767260187
468.519,833.496,843767290395
472.453,835.246,843767320612
556.202,833.576,843767350820
783.001,828.808,843767380978
945.828,825.23,843767411144
1028.43,824.003,843767441379
1066.88,822.235,843767471633
1086.33,821.245,843767501791
1096.06,821.688,843767532073
1099.38,819.616,843767562211
1099.56,819.997,843767592456
1099.17,821.34,843767622605
1090.46,800.821,843767652858
1007.0,574.717,843767683007
880.538,323.74,843767713155
829.192,236.246,843767743399
815.536,211.475,843767773617
812.139,205.118,843767803784
815.735,203.375,843767833848
808.375,191.49,843767864107
787.866,138.796,843767894242
772.091,111.398,843767924422
766.356,100.923,843767954479
765.595,92.1346,843767984728
766.809,86.2208,843768014890
766.616,82.8704,843768045139
765.464,84.88,843768075495
765.394,86.6492,843768105648
771.123,85.1261,843768135905
779.443,83.5155,843768166251
787.27,80.4588,843768196308
792.482,78.4654,843768226663
795.342,78.417,843768256816
797.236,78.3065,843768287066
799.231,77.5151,843768317121
801.611,76.8787,843768347477
802.355,76.6842,843768377717
802.646,76.0707,843768407861
803.973,75.0592,843768438023
805.553,70.1687,843768468078
807.083,67.9843,843768498338
809.069,65.5819,843768528683
809.825,62.3949,843768559039
810.68,61.3941,843768589095
811.609,61.2729,843768619441
811.419,60.483,843768649543
806.54,63.0129,843768679889
737.917,115.126,843768709899
634.649,223.351,843768740015
572.78,293.122,843768770362
546.37,329.377,843768800514
535.451,344.322,843768830860
529.708,348.666,843768861156
529.131,351.265,843768891212
531.6,352.08,843768921558
527.475,383.652,843768951798
520.357,430.869,843768982061
515.308,461.503,843769012177
515.148,475.913,843769042477
514.915,484.711,843769072694
514.789,486.518,843769102852
513.953,487.134,843769133005
513.292,489.761,843769163355
514.553,491.687,843769193513
518.112,496.144,843769223620
528.822,515.159,843769253970
538.876,538.262,843769284141
549.155,556.834,843769314349
554.818,567.732,843769344557
559.31,573.403,843769374811
562.247,578.043,843769405019
562.489,580.914,843769435227
562.67,582.045,843769465435
567.266,583.976,843769495643
574.696,585.727,843769525851
582.422,585.915,843769556059
588.178,585.969,843769586166
600.297,583.447,843769616466
627.524,556.828,843769646633
660.135,520.623,843769676790
685.213,488.48,843769706998
702.944,465.002,843769737242
716.131,449.839,843769767460
723.123,440.91,843769797668
729.121,459.425,843769827826
733.806,478.131,843769857973
738.265,491.895,843769888236
740.66,503.518,843769918481
741.703,512.633,843769948639
744.329,520.457,843769978893
746.914,525.362,843770009096
745.889,530.158,843770039254
745.952,534.891,843770069517
746.986,536.479,843770099720
747.638,537.129,843770129878
748.138,538.956,843770160178
748.55,540.129,843770190335
749.525,540.948,843770220543
749.514,543.464,843770250701
749.798,544.73,843770280955
750.755,545.048,843770311111
751.621,545.697,843770341365
751.967,546.631,843770371592
752.26,547.551,843770401800
752.87,548.377,843770431958
757.657,547.756,843770462221
763.994,546.918,843770492424
770.528,546.085,843770522623
776.63,544.72,843770552790
781.091,542.965,843770583044
784.707,541.583,843770613266
788.56,541.521,843770643473
791.871,541.477,843770673631
795.407,540.904,843770703895
797.974,540.171,843770734051
801.806,539.577,843770764305
805.769,539.224,843770794514
810.515,539.09,843770824722
815.624,537.816,843770854930
819.462,536.687,843770885087
821.593,536.183,843770915341
823.975,536.374,843770945563
825.205,536.699,843770975771
826.402,537.001,843771005979
827.319,537.806,843771036233
827.894,538.778,843771066450
825.312,539.363,843771096658
813.901,539.623,843771126866
790.114,540.495,843771157015
763.37,541.76,843771187259
740.814,544.148,843771217416
723.396,545.039,843771247679
711.11,546.681,843771277897
701.616,548.095,843771308055
694.951,548.458,843771338308
690.561,548.998,843771368475
687.662,548.603,843771398683
685.48,548.657,843771428891
683.059,549.986,843771459099
680.312,550.862,843771489307
689.644,551.155,843771519465
700.998,550.444,843771549719
720.684,548.185,843771579931
742.001,546.347,843771610139
762.087,544.423,843771640347
778.482,542.442,843771670546
791.049,542.27,843771700753
800.373,543.423,843771730962
807.014,543.78,843771761169
811.824,544.23,843771791359
814.815,544.623,843771821576
817.721,545.23,843771851784
820.624,545.531,843771881992
823.908,545.474,843771912200
825.009,545.022,843771942408
825.38,545.085,843771972616
825.831,545.566,843772002880
826.954,545.717,843772033041
827.854,546.186,843772063249
828.458,546.723,843772093458
821.08,540.909,843772123625
805.78,525.871,843772153827
790.286,509.824,843772184081
775.45,497.453,843772214239
765.349,486.687,843772244493
758.416,478.346,843772274738
752.914,471.954,843772304895
749.257,467.691,843772335167
747.929,466.261,843772365334
747.717,465.789,843772395588
746.45,464.548,843772425819
745.364,463.02,843772455977
744.792,461.847,843772486240
743.806,460.971,843772516406
743.413,459.992,843772546660
736.967,459.129,843772576836
724.983,456.84,843772607090
711.266,453.302,843772637238
698.874,450.389,843772667492
688.755,448.222,843772697650
680.711,446.788,843772727885
675.654,445.972,843772758052
670.953,445.044,843772788210
667.474,443.855,843772818510
665.461,442.889,843772848722
663.975,442.501,843772878889
662.752,442.58,843772909134
662.414,441.678,843772939291
662.089,440.418,843772969545
661.568,438.905,843772999753
661.343,438.312,843773029961
660.476,437.792,843773060109
660.227,437.543,843773090363
659.612,437.063,843773120520
658.932,436.513,843773150678
658.653,436.395,843773180932
658.4,436.601,843773211186
658.76,436.32,843773241408
659.403,435.351,843773271556
659.941,434.827,843773301810
660.344,434.33,843773332032
660.107,434.31,843773362180
659.816,434.516,843773392434
659.492,435.114,843773422637
658.99,436.495,843773452795
658.703,438.587,843773482994
658.807,441.084,843773513215
658.554,442.733,843773543373
663.837,444.008,843773573673
699.605,445.598,843773603885
753.427,446.414,843773634052
800.473,445.579,843773664218
833.93,447.345,843773694463
855.946,449.298,843773724726
868.889,451.249,843773754944
874.929,453.555,843773785111
877.218,454.179,843773815364
877.842,454.303,843773845466
878.552,454.307,843773875775
880.198,454.107,843773905928
883.208,454.477,843773936126
886.332,455.027,843773966334
889.363,455.748,843773996542
891.056,456.383,843774026751
892.908,456.641,843774056959
894.004,456.903,843774087116
894.934,456.678,843774117380
895.06,457.195,843774147592
894.849,458.055,843774177800
894.469,458.256,843774207967
893.909,458.45,843774238221
893.521,459.614,843774268424
894.752,464.89,843774298577
896.765,471.975,843774328784
897.753,479.76,843774358970
898.695,486.826,843774389224
899.745,491.656,843774419445
899.556,494.248,843774449635
899.912,498.487,843774479843
900.23,501.139,843774510051
900.899,502.162,843774540209
901.226,502.883,843774570453
901.663,503.193,843774600721
884.015,510.652,843774630920
845.918,528.612,843774661078
806.032,547.272,843774691331
777.506,561.191,843774721488
757.572,571.709,843774751742
743.945,576.927,843774781960
735.61,579.882,843774812149
732.758,582.07,843774842298
729.249,584.893,843774872561
724.989,588.249,843774902773
722.146,589.462,843774932981
723.911,601.83,843774963139
725.416,617.005,843774993402
728.726,629.59,843775023605
730.775,637.54,843775053772
731.879,642.427,843775084017
732.147,645.487,843775114155
732.243,647.308,843775144410
731.967,649.452,843775174627
731.932,654.18,843775204844
731.095,656.479,843775235024
730.876,658.269,843775265196
730.881,661.131,843775295400
731.339,661.426,843775325663
732.392,660.995,843775355875
732.829,661.513,843775386028
733.459,662.923,843775416245
731.379,663.022,843775446471
727.445,660.942,843775476689
722.82,658.41,843775506943
717.642,655.163,843775537150
712.595,653.292,843775567368
707.731,651.354,843775597516
703.314,650.97,843775627770
699.23,649.74,843775657982
696.047,648.376,843775688181
693.625,646.826,843775718389
691.721,645.746,843775748607
689.832,645.321,843775778796
688.107,645.651,843775809013
686.421,646.35,843775839212
685.791,646.18,843775869420
685.146,645.84,843775899619
684.425,645.1,843775929818
683.754,644.65,843775960016
683.406,644.516,843775990169
683.201,644.338,843776020387
682.57,644.089,843776050544
682.071,643.829,843776080798
681.836,643.237,843776111047
681.627,642.56,843776141265
681.144,642.214,843776171463
680.494,642.062,843776201680
680.291,641.769,843776231879
680.181,641.299,843776262097
679.819,640.882,843776292295
679.671,640.54,843776322513
682.09,644.174,843776352711
690.919,660.372,843776382928
700.899,679.746,843776413095
709.429,697.582,843776443262
721.135,715.063,843776473525
729.522,722.718,843776503770
734.541,726.633,843776533978
737.916,727.068,843776564066
739.424,728.407,843776594348
740.928,730.297,843776624565
741.334,730.919,843776654773
741.527,730.624,843776684949
741.378,730.477,843776715194
740.986,729.754,843776745351
740.888,730.256,843776775595
740.559,730.27,843776805675
740.368,730.795,843776835984
740.911,737.451,843776866211
742.718,747.713,843776896359
742.601,760.56,843776926632
739.43,771.685,843776956779
737.845,781.13,843776987051
736.998,789.475,843777017218
737.536,794.92,843777047491
737.045,799.11,843777077703
736.502,802.017,843777107843
736.727,803.114,843777138097
736.369,804.134,843777168244
736.318,805.892,843777198489
736.463,807.972,843777228647
737.188,808.53,843777258882
737.909,809.737,843777289123
738.051,810.335,843777319321
738.239,810.935,843777349470
737.973,811.394,843777379715
737.971,811.532,843777409927
738.003,811.485,843777440030
737.906,811.637,843777470293
737.862,811.954,843777500496
737.865,812.015,843777530759
737.445,811.711,843777560985
737.146,811.988,843777591134
736.862,811.979,843777621370
736.67,811.834,843777651526
736.434,811.786,843777681790
736.242,811.924,843777711998
736.119,812.215,843777742197
746.122,809.141,843777772345
815.641,773.112,843777802608
893.693,725.483,843777832765
944.848,692.095,843777862923
971.855,674.352,843777893177
985.408,665.192,843777923422
992.216,656.805,843777953588
995.438,651.354,843777983736
993.812,640.097,843778013999
988.403,629.355,843778044157
986.165,620.006,843778074402
984.345,612.76,843778104684
982.384,608.518,843778134841
983.866,605.274,843778165104
983.507,605.022,843778195261
983.227,604.413,843778225516
983.613,603.367,843778255682
984.205,602.245,843778285945
984.889,601.787,843778316112
985.549,601.842,843778346279
986.08,602.04,843778376551
986.406,602.129,843778406814
986.771,602.112,843778437077
989.297,600.293,843778467243
993.293,595.358,843778497401
998.697,589.032,843778527530
1003.9,582.278,843778557794
1008.16,576.279,843778588057
1011.93,571.544,843778618224
1014.32,568.555,843778648487
1016.38,566.935,843778678645
1019.19,565.93,843778708908
1020.97,564.727,843778739180
1022.19,563.531,843778769328
1024.01,562.264,843778799591
1002.27,561.41,843778829740
864.315,558.661,843778860003
707.205,556.022,843778890248
611.62,556.281,843778920447
564.374,555.099,843778950664
541.496,554.451,843778980872
531.667,553.824,843779011080
520.858,554.741,843779041288
503.269,560.792,843779071487
492.644,565.76,843779101695
485.378,568.715,843779131902
480.582,570.681,843779162111
477.57,570.997,843779192318
475.14,570.876,843779222526
472.689,571.137,843779252734
470.854,571.978,843779282933
469.659,572.496,843779313141
469.302,573.778,843779343349
471.514,576.016,843779373567
576.597,568.355,843779403784
774.966,543.46,843779433923
903.301,530.719,843779464098
969.57,525.582,843779494352
996.677,523.37,843779524510
1012.99,520.24,843779554764
1020.48,517.836,843779584930
1025.43,517.375,843779615184
1028.07,518.903,843779645438
1029.0,521.386,843779675596
1027.3,523.283,843779705850
1026.06,532.252,843779736008
1024.3,539.751,843779766289
1022.72,544.587,843779796455
1022.48,547.725,843779826709
1022.19,550.125,843779856867
1021.4,552.034,843779887121
1020.96,553.789,843779917278
1020.73,554.861,843779947532
1021.17,555.212,843779977690
1021.86,555.183,843780007944
1022.33,555.05,843780038198
1022.49,554.892,843780068356
1022.78,554.578,843780098512
1022.64,554.759,843780128766
1022.36,554.504,843780158924
1022.5,554.205,843780189081
1023.0,554.506,843780219335
1023.65,554.857,843780249493
1024.47,555.169,843780279747
1024.92,555.624,843780310001
1025.05,556.351,843780340255
1024.75,556.969,843780370413
1024.58,557.59,843780400569
1024.34,558.209,843780430823
1024.65,558.414,843780461077
1024.97,558.597,843780491235
1025.48,558.435,843780521392
1025.43,558.206,843780551646
1025.52,558.09,843780581804
1025.6,558.109,843780612058
1025.89,558.335,843780642312
1026.0,558.662,843780672470
1025.78,558.865,843780702724
1025.49,558.947,843780732880
1025.46,558.889,843780763038
1025.29,558.897,843780793292
1025.03,558.87,843780823546
1024.65,558.66,843780853703
1024.48,558.652,843780883861
1024.11,558.69,843780914115
1024.03,559.034,843780944369
1023.78,560.539,843780974623
1018.62,603.38,843781004781
1010.11,680.906,843781035034
1004.71,737.005,843781065279
1001.62,767.206,843781095487
1000.63,780.381,843781125695
997.266,787.484,843781155903
994.361,789.182,843781186061
993.715,791.427,843781216296
995.217,792.48,843781246509
995.003,792.933,843781276666
994.638,793.672,843781306920
993.207,798.252,843781337133
994.014,805.938,843781367350
993.392,813.841,843781397507
993.55,820.65,843781427762
994.377,825.686,843781457974
994.206,828.841,843781488132
991.133,830.185,843781518385
974.727,792.501,843781548598
922.109,685.985,843781578756
882.668,605.973,843781609000
867.46,553.751,843781639157
860.619,531.043,843781669411
855.84,523.575,843781699638
853.358,519.814,843781729796
852.662,520.029,843781760059
852.424,522.163,843781790216
833.294,508.496,843781820383
812.227,494.525,843781850637
798.751,485.997,843781880881
790.469,482.915,843781911112
786.613,479.806,843781941270
784.497,477.745,843781971542
780.771,475.991,843782001755
760.8,474.054,843782031894
738.715,471.809,843782062148
719.054,469.248,843782092305
703.485,467.851,843782122577
693.451,467.721,843782152776
686.82,466.715,843782182984
682.186,465.594,843782213201
679.491,464.567,843782243409
677.203,464.507,843782273636
683.443,464.549,843782303825
700.122,462.1,843782333983
730.011,455.807,843782364246
759.93,449.487,843782394403
785.276,444.348,843782424657
803.402,441.424,843782454884
820.052,440.241,843782485042
831.265,439.862,843782515296
838.41,438.529,843782545452
841.577,436.137,843782575715
843.77,434.963,843782605933
839.787,410.172,843782636091
812.904,328.116,843782666257
790.629,255.925,843782696502
778.675,217.545,843782726659
774.178,197.678,843782756913
770.655,183.597,843782787070
769.26,173.847,843782817333
758.307,152.307,843782847491
741.554,122.573,843782877548
731.619,100.055,843782907691
725.521,89.6508,843782937940
722.623,83.608,843782968268
721.891,80.6737,843782998324
721.268,75.2891,843783028468
718.573,72.2877,843783058630
715.923,71.7235,843783088870
718.89,81.8981,843783119215
729.116,139.327,843783149562
744.888,239.477,843783179774
753.825,299.759,843783209942
757.448,329.34,843783240196
758.542,346.643,843783270449
759.302,356.333,843783300694
731.515,371.543,843783330851
695.306,390.919,843783361105
673.085,402.437,843783391263
661.887,405.512,843783421517
655.803,408.058,843783451757
653.184,408.303,843783481887
651.314,408.551,843783512141
649.519,408.437,843783542298
648.358,408.377,843783572552
648.552,409.318,843783602728
647.815,409.467,843783632982
647.519,409.725,843783663130
647.633,411.127,843783693384
648.087,413.295,843783723523
647.661,414.996,843783753768
647.395,416.421,843783783935
647.406,417.618,843783814189
647.215,417.904,843783844346
646.624,418.896,843783874591
646.66,420.002,843783904748
646.658,421.319,843783935002
645.838,421.675,843783965159
644.992,422.767,843783995404
644.522,424.274,843784025654
643.35,426.262,843784055830
641.982,428.038,843784086102
640.487,429.785,843784116250
639.514,430.736,843784146486
638.202,430.869,843784176643
653.04,460.767,843784206800
534.684,580.407,843784297240
545.145,572.606,843784327858
567.96,543.031,843784357882
605.847,479.706,843784388090
636.674,430.557,843784418330
659.989,405.265,843784448538
674.966,398.548,843784478764
678.712,395.416,843784508922
680.714,393.407,843784539186
681.876,391.736,843784569398
680.472,390.875,843784599624
679.999,389.224,843784629851
680.007,387.187,843784660008
674.421,391.899,843784690253
669.883,395.633,843784720456
665.981,399.872,843784750692
660.365,404.957,843784780900
654.499,411.481,843784811058
649.382,417.874,843784841321
644.713,423.368,843784871524
641.551,428.576,843784901732
638.879,432.763,843784931940
637.048,437.012,843784962097
635.398,439.248,843784992352
633.85,440.675,843785022508
632.391,442.11,843785052753
630.648,443.314,843785082971
629.318,443.998,843785113169
656.008,443.255,843785143386
725.906,440.038,843785173526
794.614,438.727,843785203683
842.005,437.758,843785233937
872.765,436.596,843785264113
888.99,434.426,843785294367
900.108,433.951,843785324621
907.899,437.572,843785354759
912.536,437.656,843785384917
916.311,435.697,843785415171
914.117,434.049,843785445425
910.374,433.287,843785475583
908.223,433.647,843785505740
907.419,433.947,843785535994
907.089,434.112,843785566151
906.451,434.29,843785596415
905.696,434.152,843785626669
905.308,434.31,843785656825
904.846,434.276,843785686983
904.573,433.784,843785717246
904.255,433.268,843785747500
903.808,432.858,843785777754
903.623,432.744,843785807962
903.634,432.579,843785838129
903.367,432.673,843785868286
902.969,432.855,843785898531
902.984,432.868,843785928689
903.036,432.898,843785958943
902.893,432.907,843785989188
902.434,432.877,843786019354
902.024,432.808,843786049608
901.943,432.785,843786079756
901.735,432.449,843786109914
901.114,432.035,843786140168
900.575,431.315,843786170422
900.258,430.96,843786200588
899.799,430.111,843786230737
899.535,428.448,843786260991
898.997,425.952,843786291245
899.25,423.637,843786321402
900.028,422.831,843786351559
900.089,422.77,843786381823
899.297,422.585,843786411980
898.783,422.205,843786442234
898.835,421.588,843786472497
899.284,420.73,843786502645
899.468,420.155,843786532899
900.125,420.023,843786563048
899.532,419.901,843786593302
899.193,419.863,843786623459
899.264,419.906,843786653712
899.33,419.877,843786683948
899.213,419.976,843786714106
898.99,419.862,843786744342
899.162,419.55,843786774509
899.453,419.272,843786804665
899.73,419.037,843786834929
899.975,418.525,843786865077
900.31,418.05,843786895340
900.475,418.324,843786925594
900.711,418.379,843786955751
900.934,418.24,843786986005
900.98,418.109,843787016255
901.111,417.911,843787046413
901.294,417.922,843787076657
901.942,418.284,843787106814
902.348,418.312,843787137068
902.788,418.513,843787167226
903.141,418.65,843787197383
903.452,418.518,843787227619
903.612,419.066,843787257873
903.363,419.243,843787288030
903.275,419.009,843787318284
903.06,419.057,843787348442
902.998,418.981,843787378678
903.109,419.068,843787408835
902.877,419.181,843787439089
902.683,419.037,843787469246
902.102,419.282,843787499500
901.663,419.668,843787529657
901.272,419.948,843787559893
900.895,420.027,843787590078
900.67,420.076,843787620227
900.621,420.055,843787650481
900.56,420.115,843787680735
901.097,420.649,843787710891
901.366,421.109,843787741155
901.396,421.574,843787771313
901.454,421.993,843787801567
901.845,423.02,843787831820
902.593,423.664,843787861977
903.389,424.081,843787892144
904.079,424.713,843787922398
904.448,425.613,843787952565
879.243,458.272,843787982819
823.976,524.628,843788013073
781.594,581.82,843788043299
761.889,615.359,843788073457
753.655,632.117,843788103711
748.568,639.942,843788133923
745.993,644.468,843788164131
744.344,647.041,843788194289
742.642,649.369,843788224543
740.458,651.882,843788254755
733.734,658.273,843788284982
726.577,664.102,843788315190
720.726,669.016,843788345398
717.178,673.285,843788375606
716.154,675.64,843788405814
715.002,676.751,843788436003
713.929,677.913,843788466211
710.471,679.736,843788496410
698.359,679.27,843788526586
686.007,678.668,843788556840
675.14,677.441,843788587052
666.22,676.468,843788617210
658.428,675.071,843788647474
653.026,674.099,843788677686
649.785,672.607,843788707875
647.303,671.256,843788738083
645.817,669.073,843788768300
644.362,667.023,843788798509
643.103,665.436,843788828717
642.906,665.157,843788858925
641.669,664.575,843788889133
640.994,665.271,843788919290
640.596,665.994,843788949544
639.992,666.706,843788979738
639.466,667.341,843789009946
639.057,667.288,843789040172
638.819,666.403,843789070390
638.305,665.826,843789100598
637.991,665.876,843789130806
637.661,665.905,843789161014
637.9,666.084,843789191222
638.066,665.921,843789221430
638.337,665.783,843789251638
638.464,665.738,843789281846
638.331,665.513,843789312054
638.267,665.012,843789342262
638.27,664.803,843789372429
638.28,664.782,843789402683
638.047,664.631,843789432895
637.844,664.5,843789463103
640.672,665.125,843789493311
647.487,666.779,843789523469
656.49,668.018,843789553723
664.675,669.102,843789583935
671.628,671.362,843789614143
677.206,674.277,843789644351
689.792,678.299,843789674559
707.418,682.521,843789704749
722.538,687.356,843789734906
733.852,692.165,843789765142
741.979,696.643,843789795363
747.886,698.907,843789825571
751.495,700.394,843789855779
753.725,701.726,843789885987
756.127,703.232,843789916145
757.135,705.053,843789946399
759.842,704.727,843789976611
759.945,694.826,843790006769
759.388,680.178,843790037023
760.544,661.734,843790067235
758.163,648.195,843790097443
755.077,637.156,843790127601
752.136,628.456,843790157855
751.079,619.533,843790188086
749.432,613.766,843790218294
748.419,611.114,843790248502
747.837,607.827,843790278710
747.696,605.883,843790308918
748.421,604.571,843790339126
749.669,604.509,843790369334
754.336,604.633,843790399492
761.181,605.285,843790429745
767.338,606.584,843790459902
772.362,607.778,843790490156
776.5,606.966,843790520374
779.98,607.146,843790550582
782.617,607.715,843790580771
784.814,608.131,843790610979
786.818,608.596,843790641187
788.549,608.601,843790671414
790.025,608.339,843790701622
791.823,608.935,843790731830
794.006,597.739,843790761987
795.932,460.075,843790792144
795.962,290.184,843790822380
792.468,210.899,843790852615
784.877,178.555,843790882681
784.806,171.394,843790912930
777.651,135.669,843790943193
770.041,106.853,843790973337
766.821,98.3968,843791003384
765.913,94.3179,843791033441
767.164,92.7468,843791063699
767.059,91.1401,843791094036
765.348,88.7995,843791124188
764.536,88.4166,843791154264
763.502,89.2362,843791184610
762.953,89.5927,843791214665
761.622,90.8203,843791245020
761.288,92.165,843791275068
761.23,93.1291,843791305423
761.202,93.6843,843791335576
761.31,93.953,843791365835
761.365,94.1839,843791396083
761.22,94.6487,843791426246
761.186,96.0972,843791456495
761.223,97.5745,843791486648
781.947,97.4213,843791516810
830.178,95.6223,843791547059
878.09,94.3081,843791577318
912.598,94.116,843791607664
934.821,94.2687,843791638019
951.276,90.2916,843791668282
961.925,86.1726,843791698357
968.787,84.7203,843791728606
971.793,84.0631,843791758653
973.855,81.7939,843791788999
975.947,79.5355,843791819101
978.029,79.4352,843791849360
979.584,79.3823,843791879623
980.287,80.5606,843791909877
980.853,81.0345,843791940131
981.859,82.6183,843791970298
981.685,83.1761,843792000451
1008.87,112.665,843792030700
1062.12,209.34,843792060885
1100.7,295.9,843792091139
1120.76,341.828,843792121393
1129.74,362.812,843792151532
1133.65,373.823,843792181653
1135.2,377.638,843792211925
1134.78,379.924,843792242161
1135.33,380.054,843792272318
1135.24,379.476,843792302554
1132.45,379.631,843792332693
1096.24,361.296,843792362832
982.977,279.424,843792393095
877.514,201.912,843792423174
819.004,158.696,843792453336
794.326,145.351,843792483585
782.479,142.479,843792513862
786.648,122.553,843792544024
790.861,104.836,843792574159
791.074,93.8723,843792604436
791.93,88.1098,843792634782
792.371,84.9719,843792664944
792.441,85.8505,843792695272
792.237,85.5064,843792725337
792.442,84.7802,843792755402
793.185,84.05,843792785767
789.054,84.521,843792815823
783.258,86.0695,843792846178
778.299,88.9587,843792876234
773.821,91.9803,843792906562
770.081,94.5692,843792936724
766.751,97.7893,843792966974
764.197,101.583,843792997232
761.282,103.427,843793027403
758.921,105.334,843793057441
758.127,107.493,843793087787
757.325,108.466,843793118036
756.807,109.636,843793148216
756.058,110.624,843793178466
755.228,111.831,843793208619
754.35,112.627,843793238685
753.405,114.126,843793269012
752.604,115.406,843793299377
752.076,116.657,843793329414
751.702,117.584,843793359664
714.485,151.94,843793389816
638.949,233.078,843793420181
581.87,284.179,843793450420
550.334,312.354,843793480573
535.628,326.383,843793510823
529.81,330.406,843793540976
525.513,330.171,843793571322
523.063,333.193,843793601563
521.775,336.306,843793631609
546.745,356.322,843793661955
580.809,387.974,843793692200
608.567,412.701,843793722385
625.106,426.481,843793752542
635.322,434.916,843793782787
640.393,440.003,843793813041
643.135,442.881,843793843208
644.315,444.13,843793873452
646.124,445.7,843793903716
647.377,446.564,843793933873
648.694,446.028,843793964127
650.402,446.653,843793994284
651.655,447.603,843794024442
651.62,448.542,843794054687
650.87,449.75,843794084844
650.827,451.302,843794115098
649.881,452.527,843794145352
639.367,452.534,843794175500
624.928,454.55,843794205754
610.528,456.655,843794235912
597.337,457.108,843794266166
586.187,457.521,843794296323
577.94,457.583,843794326476
573.744,458.1,843794356725
569.362,458.15,843794386989
566.413,457.58,843794417233
562.373,476.443,843794447441
557.626,512.656,843794477649
553.331,543.939,843794507857
550.034,566.733,843794538065
545.516,577.944,843794568273
544.586,587.422,843794598481
543.971,592.228,843794628639
543.305,594.245,843794658893
543.474,597.022,843794689105
543.375,599.704,843794719313
553.171,604.187,843794749521
596.424,623.229,843794779729
640.487,642.819,843794809937
672.385,655.081,843794840104
691.167,663.043,843794870367
703.384,668.269,843794900561
711.623,670.679,843794930788
715.455,672.515,843794961005
718.647,673.691,843794991154
720.643,673.357,843795021407
721.236,672.875,843795051620
722.134,672.792,843795081809
723.507,672.231,843795112036
723.986,672.124,843795142235
724.237,671.885,843795172392
724.939,672.442,843795202646
725.661,673.755,843795232840
730.371,674.251,843795263067
736.705,674.322,843795293234
742.755,674.877,843795323487
749.869,675.54,843795353626
756.487,676.478,843795383889
760.561,678.347,843795414056
764.666,679.148,843795444310
768.231,679.69,843795474467
771.151,680.09,843795504625
773.766,680.041,843795534888
776.49,679.934,843795565142
778.646,680.246,843795595373
780.246,679.658,843795625540
781.317,678.777,843795655734
782.157,678.222,843795685969
782.839,677.742,843795716118
779.0,665.385,843795746293
764.343,623.12,843795776538
750.199,577.712,843795806792
741.461,548.532,843795837037
738.316,531.637,843795867176
736.858,523.028,843795897448
721.647,500.838,843795927679
702.109,477.27,843795957837
690.471,462.003,843795988091
681.629,448.548,843796018248
675.808,438.037,843796048406
673.964,431.903,843796078660
672.969,429.756,843796108914
672.255,429.775,843796139070
671.367,431.058,843796169324
669.344,432.057,843796199473
668.295,431.593,843796229727
668.51,431.548,843796259885
667.955,431.62,843796290139
667.243,431.444,843796320374
666.198,431.177,843796350532
666.314,430.509,843796380689
666.72,429.488,843796410934
667.467,428.816,843796441187
668.25,428.151,843796471355
667.727,427.569,843796501608
667.929,427.149,843796531765
668.148,428.781,843796561914
668.681,431.849,843796592177
669.272,437.281,843796622431
670.054,443.968,843796652662
670.434,449.718,843796682870
670.853,454.172,843796713028
672.224,457.014,843796743282
676.569,460.029,843796773457
719.54,457.242,843796803693
777.445,453.44,843796833841
827.784,451.751,843796864007
863.685,450.894,843796894252
886.29,448.533,843796924525
898.64,448.205,843796954682
903.892,447.571,843796984927
908.259,447.4,843797015149
911.125,446.954,843797045316
913.067,446.979,843797075463
908.36,446.441,843797105718
903.625,446.236,843797135981
901.107,445.806,843797166129
899.457,445.703,843797196393
897.267,446.067,843797226531
894.276,446.619,843797256785
891.691,446.912,843797286943
889.727,447.288,843797317197
887.784,447.04,843797347446
886.01,446.72,843797377586
884.371,447.32,843797407830
889.936,457.765,843797438061
901.261,480.116,843797468200
913.974,503.729,843797498482
924.006,521.902,843797528694
930.029,533.139,843797558852
934.519,541.224,843797589087
943.356,551.896,843797619263
948.903,562.051,843797649517
953.244,571.231,843797679674
956.886,576.709,843797709840
960.436,578.755,843797740094
962.427,581.315,843797770339
962.873,583.459,843797800497
963.467,583.25,843797830751
954.851,596.051,843797860973
935.638,627.615,843797891162
919.381,656.474,843797921371
909.888,674.318,843797951579
902.769,682.848,843797981736
899.029,687.479,843798012009
896.583,693.325,843798042221
895.74,697.059,843798072379
895.537,699.376,843798102536
894.655,700.487,843798132771
894.672,700.817,843798163007
894.493,701.218,843798193165
894.39,702.604,843798223409
894.578,706.036,843798253566
894.62,709.913,843798283829
894.655,713.788,843798313969
894.829,717.396,843798344232
895.34,720.212,843798374481
895.412,722.742,843798404689
895.683,723.239,843798434847
895.22,724.034,843798465004
895.652,724.759,843798495212
896.009,724.628,843798525370
895.942,724.319,843798555624
895.44,722.82,843798585896
894.839,721.193,843798616035
894.593,718.495,843798646192
894.185,714.678,843798676410
893.92,710.014,843798706673
893.778,705.99,843798736931
894.362,703.023,843798767148
872.729,697.881,843798797279
793.002,686.341,843798827542
706.669,673.165,843798857736
647.377,665.804,843798887953
613.716,659.226,843798918161
595.76,657.442,843798948378
585.604,659.362,843798978586
577.414,661.662,843799008803
572.338,661.563,843799039039
571.383,661.544,843799069247
570.779,661.387,843799099455
572.12,662.652,843799129654
605.204,665.085,843799159871
693.74,670.555,843799190047
777.857,676.116,843799220213
834.706,680.197,843799250476
870.688,683.577,843799280712
891.534,688.086,843799310879
899.947,692.367,843799341133
904.541,692.789,843799371355
907.208,691.546,843799401572
909.019,691.974,843799431729
911.194,692.31,843799461886
913.004,692.292,843799492140
914.006,692.316,843799522394
913.966,692.438,843799552612
913.93,692.005,843799582770
913.917,691.951,843799613024
914.187,691.874,843799643190
914.671,691.912,843799673434
914.497,691.605,843799703601
914.397,691.602,843799733855
914.89,691.636,843799764077
915.719,692.055,843799794285
916.043,692.123,843799824452
916.454,692.177,843799854706
916.897,692.258,843799884863
917.352,692.73,843799915117
917.488,693.413,843799945334
917.65,693.607,843799975542
918.109,694.162,843800005759
918.917,694.444,843800035967
919.682,694.366,843800066125
920.366,694.539,843800096282
920.734,694.901,843800126536
921.073,695.393,843800156771
921.619,695.918,843800187007
922.448,696.408,843800217165
923.255,696.743,843800247419
924.12,697.178,843800277585
924.967,697.877,843800307743
925.964,698.971,843800337997
927.142,700.194,843800368242
928.009,700.747,843800398398
928.774,700.99,843800428652
929.376,701.256,843800458810
930.237,701.419,843800489073
930.674,702.047,843800519268
939.223,698.339,843800549425
957.214,673.576,843800579591
974.246,636.071,843800609759
987.118,604.195,843800640003
995.258,582.345,843800670266
1000.78,568.677,843800700423
1003.38,561.128,843800730668
1004.06,556.544,843800760826
998.392,549.924,843800791080
993.324,545.834,843800821229
989.762,543.641,843800851482
986.853,542.291,843800881737
984.609,541.284,843800911893
982.865,539.91,843800942147
982.25,538.949,843800972287
981.111,538.625,843801002443
981.814,533.735,843801032697
985.294,522.577,843801062874
988.325,510.189,843801093128
991.021,501.953,843801123382
992.824,497.82,843801153636
993.404,494.669,843801183793
993.878,492.781,843801213950
994.156,489.956,843801244167
994.025,487.775,843801274422
993.231,487.242,843801304579
987.881,487.955,843801334833
967.806,486.672,843801364962
940.961,483.348,843801395226
916.586,480.938,843801425462
897.741,478.958,843801455610
883.574,477.325,843801485864
873.944,474.191,843801516030
868.832,472.049,843801546284
863.846,471.734,843801576451
859.801,473.478,843801606705
857.472,473.627,843801636862
821.008,479.16,843801667116
699.909,489.934,843801697343
593.999,504.005,843801727551
534.509,510.817,843801757759
503.065,514.052,843801787967
488.692,516.517,843801818175
482.671,521.091,843801848383
481.639,521.675,843801878541
537.798,520.472,843801908795
672.423,515.772,843801938961
809.618,512.122,843801969128
897.252,511.279,843801999382
944.931,510.56,843802029539
969.968,508.564,843802059793
982.698,506.925,843802090037
989.249,505.238,843802120177
993.028,503.393,843802150344
993.757,504.151,843802180589
994.517,504.157,843802210843
994.98,505.101,843802240999
995.383,505.921,843802271262
995.956,506.675,843802301512
996.861,506.056,843802331652
996.857,505.487,843802361808
996.659,511.547,843802392071
997.265,521.582,843802422325
998.557,532.078,843802452534
998.388,540.843,843802482710
998.838,546.143,843802512857
999.569,549.048,843802543130
999.184,550.6,843802573384
998.874,551.888,843802603611
998.385,553.751,843802633759
998.357,555.53,843802664004
998.009,557.184,843802694225
997.51,557.97,843802724374
997.165,559.276,843802754637
997.617,558.64,843802784831
997.75,557.073,843802814989
997.681,556.398,843802845155
997.611,555.999,843802875409
997.563,555.305,843802905663
997.301,554.277,843802935880
997.041,553.578,843802966047
996.619,553.055,843802996301
996.214,552.44,843803026476
996.078,552.2,843803056730
996.204,551.565,843803086870
996.298,551.114,843803117027
996.431,550.899,843803147271
996.385,550.646,843803177534
996.162,550.468,843803207692
996.271,550.511,843803237955
996.261,550.349,843803268113
994.033,547.25,843803298386
975.241,490.434,843803328542
949.387,395.368,843803358691
932.899,329.344,843803388936
922.718,296.613,843803419190
920.517,285.622,843803449435
919.549,281.831,843803479592
919.947,278.42,843803509846
918.467,274.236,843803540003
903.953,261.608,843803570142
854.181,218.69,843803600415
815.871,181.886,843803630572
794.119,158.736,843803660826
782.506,145.902,843803690983
776.239,140.105,843803721141
771.023,138.016,843803751395
769.413,137.011,843803781552
770.098,136.03,843803811806
769.98,135.764,843803841964
769.772,135.387,843803872218
769.42,136.825,843803902472
769.408,137.765,843803932518
769.858,138.599,843803962772
767.051,141.148,843803992925
724.428,218.927,843804023248
670.831,377.154,843804053484
649.404,469.27,843804083682
649.869,507.015,843804113890
652.33,520.179,843804144098
652.192,523.07,843804174306
650.847,524.457,843804204542
656.273,515.795,843804234750
661.039,502.509,843804264949
663.263,495.726,843804295079
664.337,492.568,843804325342
664.658,491.244,843804355527
665.33,490.324,843804385685
666.556,488.977,843804415948
668.041,487.834,843804446151
668.888,486.469,843804476308
669.338,484.571,843804506544
670.327,482.128,843804536701
671.601,481.727,843804566964
673.639,482.456,843804597122
677.704,494.161,843804627358
685.544,523.785,843804657588
692.812,553.28,843804687755
700.267,573.398,843804718019
705.347,586.104,843804748175
709.451,595.708,843804778429
709.868,600.85,843804808638
716.683,598.438,843804838818
725.374,589.177,843804868994
731.465,582.434,843804899248
736.629,577.127,843804929470
741.114,572.284,843804959627
744.684,568.291,843804989881
752.41,559.662,843805020047
763.799,547.042,843805050301
774.551,534.304,843805080441
782.82,524.742,843805110686
788.377,519.615,843805140833
793.444,514.394,843805171115
796.043,510.679,843805201254
798.802,508.574,843805231517
800.251,506.978,843805261666
801.829,506.287,843805291902
802.596,504.339,843805322128
803.378,503.765,843805352249
803.66,502.517,843805382512
804.481,501.115,843805412659
805.737,500.108,843805442826
806.087,500.238,843805473071
803.878,499.621,843805503237
800.892,498.016,843805533500
797.723,496.691,843805563763
794.999,495.374,843805593903
792.445,493.724,843805624157
790.508,493.379,843805654306
789.037,494.461,843805684559
787.766,495.676,843805714786
787.115,496.201,843805744952
786.271,496.603,843805775119
784.953,497.14,843805805382
783.874,497.404,843805835530
783.018,496.571,843805865793
782.311,495.832,843805896020
781.44,495.299,843805926168
780.138,508.854,843805956412
778.218,555.414,843805986639
776.557,606.685,843806016875
775.484,641.805,843806047092
772.866,660.234,843806077318
773.441,669.087,843806107545
774.796,672.115,843806137753
775.76,674.715,843806167970
776.408,675.697,843806198187
777.108,677.194,843806228404
775.982,678.629,843806258612
775.645,680.068,843806288830
776.25,681.123,843806319065
776.577,682.688,843806349273
776.053,688.869,843806379509
774.095,697.467,843806409717
771.81,705.416,843806439875
770.075,712.703,843806470041
768.064,718.832,843806500294
766.784,723.29,843806530452
765.277,725.91,843806560715
765.005,728.743,843806590970
764.474,731.188,843806621126
764.339,733.622,843806651408
777.649,740.117,843806681566
794.689,747.221,843806711820
809.188,754.912,843806742060
820.333,760.546,843806772277
828.447,763.215,843806802485
834.062,766.015,843806832693
829.742,764.339,843806862842
814.725,756.587,843806893096
771.441,731.631,843806923308
718.551,700.179,843806953507
684.471,677.583,843806983705
666.181,665.421,843807013914
652.672,657.154,843807044103
642.43,649.811,843807074311
635.82,642.944,843807104528
630.108,637.782,843807134745
630.599,634.996,843807164954
629.624,631.89,843807195180
626.609,629.236,843807225379
625.172,627.997,843807255587
608.661,619.399,843807285795
583.878,599.443,843807316003
558.026,572.915,843807346202
538.199,554.651,843807376409
526.269,547.419,843807406618
523.958,546.134,843807436826
527.702,546.903,843807467024
527.531,541.59,843807497150
523.644,521.426,843807527459
519.949,501.472,843807557607
516.977,486.65,843807587861
515.191,476.355,843807617917
514.864,470.278,843807648245
515.161,466.331,843807678411
504.239,462.812,843807708574
488.817,456.862,843807738887
475.637,453.655,843807769104
466.993,452.133,843807799312
460.132,450.249,843807829520
455.165,447.692,843807859678
452.996,446.027,843807889960
450.897,444.386,843807920061
449.943,444.004,843807950321
448.94,444.573,843807980584
447.362,444.719,843808010630
447.508,444.794,843808040976
447.86,444.813,843808071203
448.07,444.511,843808101411
447.406,443.888,843808131467
447.526,443.758,843808161813
447.613,444.165,843808192016
447.383,444.356,843808222224
447.069,444.444,843808252432
446.964,444.47,843808282659
447.101,444.812,843808312817
447.175,445.269,843808343080
447.281,445.8,843808373237
447.337,446.371,843808403490
447.726,446.696,843808433648
448.413,446.849,843808463787
458.805,421.317,843808493939
492.145,329.946,843808524230
521.011,253.69,843808554494
536.272,213.685,843808584651
536.939,179.462,843808614809
508.863,121.517,843808644962
489.77,80.1983,843808675018
478.69,52.5253,843808705345
474.12,40.9561,843808735507
469.725,34.5569,843808765729
465.454,32.1919,843808795978
465.08,31.2374,843808826149
467.152,32.0104,843808856178
466.366,31.7649,843808886524
465.099,32.2071,843808916581
463.79,33.5369,843808946927
514.059,36.3327,843808977148
740.824,59.44,843809007448
938.363,79.1789,843809037606
1037.44,86.0743,843809067809
1077.18,89.113,843809098072
1099.36,92.6596,843809128239
1111.24,92.6777,843809158493
1115.05,92.5159,843809188756
1113.68,92.7448,843809218914
1112.89,92.6477,843809249071
1112.81,92.985,843809279228
1114.06,93.1888,843809309483
1114.29,94.3285,843809339746
1114.28,94.659,843809369902
1114.76,94.8223,843809400157
1107.85,102.753,843809430323
1086.69,176.884,843809460578
1063.66,274.89,843809490832
1048.65,335.326,843809521095
1041.15,363.074,843809551262
1036.56,376.292,843809581418
1033.35,380.917,843809611673
1031.54,383.201,843809641927
1033.15,385.237,843809672084
1043.31,400.025,843809702241
1059.49,430.0,843809732513
1071.83,455.796,843809762749
1080.38,471.275,843809792898
1085.02,478.421,843809823142
1088.09,481.123,843809853300
1090.51,482.444,843809883573
1091.9,483.029,843809913729
1092.51,483.877,843809943965
1093.26,485.11,843809974237
1093.14,486.695,843810004395
1095.91,489.892,843810034552
1101.72,501.592,843810064788
1107.22,514.74,843810095051
1111.86,523.598,843810125319
1113.83,531.799,843810155458
1115.67,537.577,843810185713
1116.61,541.185,843810215860
1117.69,544.067,843810246114
1118.41,544.525,843810276281
1119.88,544.457,843810306535
1120.8,545.837,843810336692
1121.28,547.221,843810366946
1122.23,551.395,843810397173
1122.55,554.967,843810427330
1123.09,556.954,843810457585
1122.92,558.636,843810487741
1123.29,560.049,843810518004
1123.19,561.958,843810548181
1122.26,563.356,843810578435
1122.0,565.248,843810608592
1122.66,566.551,843810638846
1122.4,567.867,843810669063
1122.54,568.85,843810699221
1122.67,569.057,843810729378
1122.44,569.803,843810759623
1122.06,570.649,843810789876
1121.62,570.827,843810820034
1121.76,571.037,843810850307
1121.79,571.138,843810880463
1121.54,571.595,843810910717
1121.34,571.951,843810940875
1121.09,572.287,843810971120
1121.01,572.992,843811001351
1120.26,573.367,843811031518
1119.83,573.501,843811061675
1119.57,573.434,843811091929
1119.31,573.495,843811122183
1118.91,573.97,843811152341
1118.65,574.562,843811182595
1118.75,575.076,843811212761
1118.77,575.465,843811243015
1118.45,575.358,843811273145
1118.4,575.435,843811303408
1118.69,575.2,843811333566
1118.38,574.587,843811363820
1117.95,573.772,843811393995
1117.29,572.771,843811424153
1117.52,571.815,843811454416
1117.84,571.098,843811484670
1118.44,570.417,843811514818
1119.12,569.677,843811545072
1119.77,570.336,843811575229
1119.93,570.633,843811605387
1120.21,570.367,843811635641
1100.12,570.242,843811665807
998.221,612.299,843811696061
887.469,647.01,843811726159
808.818,673.849,843811756321
765.715,676.307,843811786667
745.313,675.151,843811816783
733.251,676.2,843811847033
726.303,684.659,843811877370
723.88,689.124,843811907554
721.963,692.351,843811937827
722.316,697.126,843811968053
722.518,702.128,843811998261
721.997,707.111,843812028419
724.248,714.608,843812058673
726.562,724.814,843812088885
728.741,733.631,843812119093
733.927,725.664,843812149301
737.533,692.951,843812179518
747.156,628.097,843812209699
760.161,577.253,843812239916
766.808,544.911,843812270074
769.663,526.949,843812300328
770.749,518.117,843812330549
744.239,497.025,843812360725
718.407,478.531,843812390998
703.741,466.599,843812421210
696.377,460.27,843812451368
692.115,457.497,843812481613
687.791,455.567,843812511769
685.02,455.497,843812542023
684.772,455.282,843812572241
684.195,455.499,843812602430
683.72,455.715,843812632638
683.594,454.909,843812662828
683.527,454.55,843812692986
682.878,455.087,843812723240
688.225,456.979,843812753415
698.483,461.287,843812783669
713.749,467.458,843812813836
727.575,471.577,843812843993
738.945,474.485,843812874247
748.323,475.36,843812904482
754.837,477.381,843812934640
760.011,480.3,843812964922
763.951,481.083,843812995070
766.675,481.687,843813025236
768.559,482.696,843813055490
769.865,482.189,843813085648
771.282,481.968,843813115902
774.135,483.301,843813146174
777.036,485.467,843813176331
779.448,487.439,843813206507
782.199,488.187,843813236761
785.303,488.719,843813266919
788.071,488.599,843813297173
789.417,487.975,843813327427
790.585,487.584,843813357681
791.116,487.193,843813387838
791.711,486.727,843813418083
792.054,486.449,843813448241
797.045,484.533,843813478495
808.174,479.642,843813508735
820.82,473.08,843813538883
833.214,466.702,843813569040
843.162,461.416,843813599294
850.572,457.726,843813629548
855.731,454.689,843813659766
858.091,453.048,843813689923
859.633,451.547,843813720168
861.09,451.513,843813750325
862.403,451.71,843813780483
862.957,452.0,843813810737
864.031,451.653,843813840894
864.591,451.213,843813871148
865.202,450.487,843813901305
865.924,450.824,843813931559
863.156,451.109,843813961813
838.536,449.868,843813991971
789.095,449.479,843814022216
742.221,448.746,843814052451
707.99,448.24,843814082609
686.644,446.281,843814112863
673.033,442.764,843814143075
663.594,442.239,843814173224
657.737,441.234,843814203478
655.908,440.624,843814233681
654.108,441.068,843814263889
652.11,441.728,843814294087
657.392,444.323,843814324254
671.019,451.187,843814354499
692.329,463.217,843814384656
715.978,475.47,843814414919
734.819,484.378,843814445077
748.904,490.992,843814475331
759.216,496.3,843814505488
765.374,499.436,843814535742
770.668,501.852,843814565881
773.577,504.546,843814596135
775.997,508.366,843814626293
778.344,509.612,843814656547
779.439,509.448,843814686782
780.561,510.992,843814717000
782.382,513.066,843814747157
784.321,514.103,843814777411
785.666,514.44,843814807568
786.996,514.761,843814837822
787.986,514.702,843814868049
788.846,515.638,843814898257
789.38,515.616,843814928396
790.177,515.729,843814958669
791.07,515.769,843814988825
792.185,515.285,843815019079
792.606,514.651,843815049297
792.95,514.133,843815079454
792.225,513.304,843815109718
782.037,508.014,843815139865
761.221,494.957,843815170119
740.081,479.623,843815200277
723.335,467.059,843815230531
700.468,456.75,843815260688
674.426,444.458,843815290942
654.449,435.036,843815321169
640.824,429.912,843815351327
633.181,427.41,843815381580
629.066,425.458,843815411737
625.186,424.068,843815441991
622.485,422.439,843815472209
620.887,421.547,843815502348
618.179,420.566,843815532602
616.548,420.377,843815562814
615.424,419.518,843815593013
615.061,418.306,843815623171
616.115,417.424,843815653416
616.978,417.82,843815683573
617.756,418.568,843815713827
618.199,419.013,843815743994
618.536,418.541,843815774248
619.193,417.697,843815804469
619.969,417.15,843815834659
620.493,417.08,843815864885
621.182,416.806,843815895093
621.878,416.211,843815925310
622.359,416.123,843815955518
623.116,416.23,843815985726
623.49,416.08,843816015884
623.854,415.624,843816046147
624.405,415.021,843816076350
624.989,414.622,843816106558
625.271,413.947,843816136725
625.79,413.455,843816166961
626.393,412.57,843816197155
626.778,412.589,843816227313
627.116,412.84,843816257567
627.298,413.361,843816287733
628.843,413.877,843816318005
666.604,414.742,843816348222
730.002,414.983,843816378389
784.12,418.559,843816408546
820.945,419.742,843816438809
847.364,418.647,843816469063
860.848,416.83,843816499299
870.263,417.616,843816529466
877.479,419.419,843816559720
881.045,420.377,843816589877
882.547,419.071,843816620131
884.573,417.996,843816650289
886.085,417.673,843816680543
887.581,418.287,843816710718
884.514,418.546,843816740990
881.334,418.638,843816771148
879.261,418.835,843816801402
877.416,419.13,843816831560
875.43,419.388,843816861814
873.137,419.252,843816892040
870.758,419.298,843816922248
868.283,419.343,843816952456
866.247,419.889,843816982595
864.109,420.595,843817012743
847.549,445.103,843817042997
816.482,551.996,843817073242
793.708,648.332,843817103409
780.478,695.252,843817133547
773.857,717.939,843817163801
772.451,728.95,843817194055
770.796,736.916,843817224231
769.689,738.427,843817254380
769.811,737.733,843817284652
771.467,737.44,843817314800
770.638,739.879,843817345026
769.461,741.817,843817375290
765.873,743.157,843817405521
754.027,740.877,843817435729
744.626,738.701,843817465937
737.21,737.07,843817496154
731.38,734.94,843817526302
726.509,734.146,843817556556
723.025,734.851,843817586796
720.871,735.528,843817616995
719.214,735.557,843817647203
717.301,735.756,843817677402
718.811,732.605,843817707610
720.727,729.203,843817737809
722.221,724.577,843817767967
724.072,718.731,843817798220
725.775,713.657,843817828424
726.761,708.735,843817858581
727.184,704.702,843817888826
734.451,685.932,843817919038
746.089,654.361,843817949215
754.917,627.781,843817979450
762.528,612.186,843818009644
766.656,602.023,843818039843
769.602,594.742,843818070051
772.035,589.826,843818100208
773.208,588.282,843818130462
773.938,586.461,843818160675
774.229,584.401,843818190814
775.797,583.507,843818220989
777.398,580.838,843818251243
788.009,554.011,843818281497
800.945,519.548,843818311664
809.852,493.478,843818341918
813.743,477.289,843818372084
816.336,469.496,843818402320
817.713,464.784,843818432505
817.847,459.977,843818462741
818.914,457.457,843818492908
818.356,455.147,843818523171
818.075,453.359,843818553328
817.906,451.716,843818583573
817.056,450.574,843818613813
816.693,451.025,843818643989
816.51,451.147,843818674243
816.924,450.752,843818704428
817.174,450.545,843818734663
817.518,450.298,843818764853
818.019,450.258,843818795029
817.758,450.127,843818825274
817.811,449.501,843818855486
818.009,449.263,843818885653
817.929,449.377,843818915907
818.025,449.315,843818946092
818.513,449.368,843818976346
819.221,449.107,843819006476
830.056,450.859,843819036730
854.66,458.33,843819066951
881.976,466.406,843819097119
905.723,471.061,843819127372
923.882,475.27,843819157594
936.595,480.202,843819187802
944.563,481.603,843819217969
951.988,478.952,843819248126
963.127,474.322,843819278371
976.695,458.192,843819308528
987.777,440.878,843819338819
997.484,427.556,843819368967
1005.18,418.123,843819399221
1010.18,410.679,843819429397
1013.3,408.177,843819459651
1014.86,406.306,843819489818
1010.24,403.228,843819520072
939.17,368.535,843819550229
832.57,311.696,843819580483
759.29,271.259,843819610709
719.664,253.795,843819640849
699.643,243.966,843819671103
690.769,239.69,843819701269
689.386,238.539,843819731513
689.369,237.236,843819761680
688.589,235.744,843819791916
688.628,237.465,843819822065
689.537,239.212,843819852309
688.462,240.975,843819882429
688.301,241.395,843819912578
688.223,242.015,843819942823
688.438,242.249,843819973058
688.704,242.865,843820003206
688.977,242.954,843820033469
689.254,243.057,843820063618
689.5,243.211,843820093881
689.495,250.3,843820124144
685.351,283.649,843820154403
681.372,327.066,843820184620
678.651,355.046,843820214856
676.606,372.147,843820245041
674.436,379.438,843820275313
657.419,385.548,843820305470
642.6,391.131,843820335646
635.251,391.269,843820365836
629.798,391.051,843820396072
626.459,390.099,843820426316
623.731,390.191,843820456473
621.87,390.283,843820486709
620.458,389.516,843820516926
619.42,389.92,843820547134
619.658,390.818,843820577333
621.187,391.573,843820607491
622.681,392.393,843820637726
623.7,392.358,843820667883
624.27,392.158,843820698137
624.924,392.662,843820728364
625.451,393.198,843820758599
625.874,394.14,843820788757
626.55,395.328,843820818932
627.701,396.493,843820849196
628.042,396.459,843820879468
627.581,394.456,843820909704
626.183,389.694,843820939871
624.648,383.579,843820970125
623.353,377.999,843821000282
622.37,370.225,843821030536
619.749,363.729,843821060703
618.196,357.732,843821090957
616.913,355.281,843821121113
616.272,351.815,843821151358
614.837,348.62,843821181603
614.128,346.852,843821211752
614.085,345.928,843821242006
613.785,343.027,843821272209
613.476,340.612,843821302385
613.352,340.033,843821332630
613.384,339.99,843821362824
605.825,342.856,843821392982
587.398,353.482,843821423208
562.898,371.059,843821453402
540.138,388.431,843821483619
523.912,400.407,843821513836
512.724,408.388,843821544026
504.247,411.832,843821574215
499.155,413.691,843821604423
495.027,415.831,843821634581
492.435,441.563,843821664817
491.107,474.386,843821695029
491.502,500.291,843821725237
492.875,517.123,843821755445
493.949,526.441,843821785653
494.78,531.738,843821815852
496.543,535.128,843821846042
497.347,537.11,843821876259
524.96,558.612,843821906467
593.697,622.196,843821936656
649.952,684.968,843821966842
687.355,719.787,843821997096
704.676,737.653,843822027253
713.134,745.464,843822057507
718.04,747.689,843822087674
720.361,748.749,843822117927
721.978,749.648,843822148158
721.531,750.452,843822178366
720.53,751.444,843822208584
720.671,751.356,843822238792
721.212,750.48,843822269000
721.911,750.403,843822299207
720.468,748.531,843822329416
719.521,747.057,843822359624
718.966,746.356,843822389832
718.316,745.391,843822420040
717.824,744.536,843822450257
717.124,743.604,843822480465
716.633,742.614,843822510673
717.023,741.758,843822540831
716.639,741.056,843822571084
716.201,739.894,843822601297
721.018,738.269,843822631505
727.439,737.227,843822661662
734.335,736.339,843822691819
741.001,735.542,843822722092
746.82,734.937,843822752346
751.508,734.387,843822782522
754.552,734.449,843822812757
757.388,734.446,843822842979
759.584,734.73,843822873137
761.279,734.597,843822903409
762.23,734.27,843822933566
762.573,733.798,843822963820
763.316,734.175,843822993969
763.672,733.671,843823024223
764.414,733.184,843823054379
765.509,733.448,843823084624
768.551,734.71,843823114782
782.832,734.822,843823145036
802.112,733.826,843823175194
819.789,732.038,843823205448
833.53,730.516,843823235595
844.526,729.974,843823265850
853.665,730.311,843823295998
860.257,731.299,843823326183
864.939,731.076,843823356437
867.782,730.186,843823386691
868.902,730.536,843823416931
869.571,730.675,843823447089
858.946,720.153,843823477246
823.823,687.856,843823507481
788.961,649.329,843823537754
765.421,621.721,843823567902
745.925,602.363,843823598156
728.887,588.424,843823628378
720.143,580.336,843823658536
714.246,576.426,843823688771
710.962,574.237,843823718928
710.508,572.927,843823749191
710.398,571.901,843823779427
709.749,572.531,843823809635
709.7,573.089,843823839793
709.241,571.488,843823870047
710.874,573.718,843823900213
712.308,575.697,843823930458
713.06,577.663,843823960616
713.554,581.394,843823990782
713.532,585.687,843824021035
714.03,589.43,843824051175
714.25,593.378,843824081429
715.909,597.516,843824111683
717.356,601.618,843824141813
717.951,604.357,843824171998
717.988,605.559,843824202252
718.723,607.22,843824232505
719.642,608.214,843824262663
720.245,609.172,843824292917
720.612,609.456,843824323074
720.737,609.876,843824353232
720.748,610.69,843824383495
720.444,611.357,843824413644
720.697,612.158,843824443879
721.317,612.75,843824474143
721.718,613.273,843824504318
721.259,613.945,843824534572
721.411,614.956,843824564844
723.489,615.909,843824595002
724.737,616.789,843824625256
724.463,616.81,843824655459
724.479,617.027,843824685617
724.374,617.878,843824715792
724.435,618.486,843824746046
724.225,618.868,843824776204
724.035,619.667,843824806458
724.334,620.663,843824836615
724.803,621.32,843824866878
724.447,621.269,843824897086
724.271,621.555,843824927244
725.197,622.272,843824957498
725.273,622.57,843824987655
725.979,623.245,843825017891
725.989,623.66,843825048145
726.444,624.45,843825078302
727.468,624.985,843825108556
728.913,622.775,843825138714
730.474,614.464,843825168977
733.531,599.96,843825199203
737.105,586.605,843825229411
739.988,576.584,843825259560
742.723,569.383,843825289814
744.722,564.297,843825319980
754.237,558.663,843825350234
778.235,535.268,843825380470
796.297,505.819,843825410627
811.147,481.146,843825440803
818.129,465.981,843825471084
823.728,456.733,843825501329
827.73,451.732,843825531537
826.976,447.613,843825561695
827.063,444.879,843825591958
827.517,444.801,843825622106
827.301,444.238,843825652341
829.329,442.727,843825682518
830.981,442.302,843825712762
831.482,443.18,843825742919
832.363,443.662,843825773136
832.503,443.754,843825803285
832.779,443.438,843825833539
832.742,442.543,843825863697
831.68,441.022,843825893932
815.348,443.132,843825924098
784.77,449.34,843825954316
753.287,455.842,843825984565
727.274,460.449,843826014704
708.0,462.762,843826044968
695.618,462.745,843826075180
687.511,462.064,843826105397
682.157,462.449,843826135605
678.429,459.921,843826165813
683.82,482.271,843826196021
696.294,521.722,843826226206
708.662,557.806,843826256363
716.484,581.881,843826286521
720.877,598.351,843826316775
721.14,610.029,843826347047
718.672,617.513,843826377204
717.346,620.256,843826407458
717.507,622.331,843826437731
718.716,625.207,843826467888
716.779,625.182,843826498143
716.533,624.853,843826528300
715.587,624.651,843826558554
715.53,624.521,843826588711
715.557,624.955,843826618947
718.637,623.659,843826649187
722.975,618.928,843826679363
731.565,609.361,843826709580
741.634,596.946,843826739784
750.865,584.385,843826769991
758.215,574.321,843826800200
764.527,567.947,843826830389
768.478,561.749,843826860606
771.266,555.775,843826890814
772.837,553.244,843826920991
774.254,551.755,843826951235
775.314,550.136,843826981392
776.015,548.445,843827011655
776.994,547.926,843827041813
778.475,548.038,843827072067
780.216,548.259,843827102289
780.997,548.074,843827132446
781.748,547.492,843827162655
782.518,546.837,843827192899
780.021,547.119,843827223056
778.199,547.882,843827253310
776.137,548.486,843827283528
772.59,549.099,843827313667
768.233,550.036,843827343930
763.563,551.144,843827374114
759.825,552.309,843827404378
756.44,553.565,843827434595
753.849,554.914,843827464753
761.66,547.749,843827495007
783.256,522.82,843827525164
811.587,489.655,843827555418
833.898,463.354,843827585585
849.069,453.622,843827615839
854.869,446.245,843827645996
859.191,438.797,843827676249
862.084,432.538,843827706426
864.283,428.224,843827736689
867.259,426.231,843827766847
870.135,425.997,843827797082
874.369,426.718,843827827258
874.543,426.492,843827857512
874.573,426.683,843827887678
874.78,426.823,843827917914
876.488,426.802,843827948159
880.0,421.958,843827978317
884.888,415.321,843828008571
889.352,408.716,843828038792
893.373,402.701,843828069000
897.343,396.81,843828099158
900.232,391.397,843828129314
902.875,387.755,843828159568
903.848,385.779,843828189823
904.577,384.096,843828219971
904.959,382.708,843828250216
905.55,381.587,843828280373
905.897,380.635,843828310521
906.369,379.598,843828340784
906.519,378.173,843828371029
906.569,376.714,843828401187
906.151,376.528,843828431459
905.994,375.893,843828461704
887.62,360.568,843828491853
830.29,308.988,843828522000
776.248,254.542,843828552227
740.676,218.859,843828582471
722.72,197.063,843828612629
712.56,182.775,843828642855
706.577,175.032,843828673012
704.398,171.226,843828703161
706.046,172.404,843828733415
706.051,174.181,843828763669
705.715,174.275,843828793900
705.144,173.725,843828824108
705.203,173.95,843828854284
706.247,173.787,843828884422
706.631,173.001,843828914667
688.729,195.639,843828944921
651.724,273.861,843828975070
624.824,342.973,843829005236
606.375,386.93,843829035490
597.011,409.77,843829065744
592.505,419.655,843829095971
590.889,425.105,843829126179
598.764,428.798,843829156387
607.766,430.594,843829186595
612.75,430.354,843829216743
615.972,430.22,843829247007
618.582,430.46,843829277200
620.621,430.152,843829307408
622.019,430.675,843829337616
622.755,431.296,843829367834
622.721,432.122,843829398041
622.886,432.539,843829428250
623.646,432.242,843829458457
624.505,432.233,843829488615
625.209,432.513,843829518897
625.705,432.508,843829549100
626.085,432.908,843829579308
626.165,433.152,843829609516
620.611,433.837,843829639724
608.892,435.744,843829669882
595.022,438.337,843829700127
582.23,441.022,843829730283
571.106,444.224,843829760537
562.22,446.25,843829790764
553.902,446.051,843829820972
548.461,445.807,843829851180
544.215,445.098,843829881338
541.261,444.524,843829911573
538.863,443.713,843829941785
536.662,443.031,843829971993
535.066,442.402,843830002211
540.26,445.503,843830032419
548.507,453.905,843830062595
560.036,468.653,843830092849
572.399,483.862,843830123006
581.575,494.432,843830153260
611.731,519.535,843830183505
648.665,562.382,843830213635
677.512,596.614,843830243819
694.204,617.008,843830274083
705.645,629.694,843830304240
711.852,634.574,843830334476
715.527,637.1,843830364730
718.059,640.202,843830394887
719.849,642.187,843830425141
720.489,642.866,843830455289
720.753,642.049,843830485543
720.351,641.866,843830515701
725.555,645.62,843830545955
732.862,652.634,843830576200
738.605,654.035,843830606408
743.535,653.034,843830636584
746.322,664.983,843830666847
755.121,667.113,843830697050
760.193,662.974,843830727166
764.967,659.158,843830757466
767.92,655.715,843830787573
769.917,651.84,843830817873
770.638,650.225,843830848099
769.77,652.845,843830878307
769.969,656.196,843830908497
770.187,662.079,843830938705
769.321,666.916,843830968922
771.057,671.706,843830999098
767.995,676.482,843831029361
767.921,681.711,843831059574
769.735,687.329,843831089782
770.933,690.962,843831119999
771.039,694.161,843831150157
772.622,700.073,843831180420
777.566,713.835,843831210623
784.202,731.188,843831240822
790.528,743.465,843831271020
793.482,749.483,843831301178
794.76,754.657,843831331432
794.749,759.984,843831361644
793.98,764.33,843831391852
794.331,765.18,843831422079
794.162,767.149,843831452277
793.694,767.379,843831482486
793.283,765.915,843831512675
798.811,764.469,843831542883
817.203,754.055,843831573041
845.867,731.908,843831603313
873.632,709.878,843831633516
892.995,694.838,843831663674
906.943,682.868,843831693919
915.694,673.67,843831724131
921.805,666.962,843831754339
925.322,663.783,843831784547
927.849,663.539,843831814746
929.446,661.026,843831844981
930.691,658.695,843831875130
930.847,656.692,843831905384
931.159,655.331,843831935532
931.946,654.244,843831965786
932.496,653.435,843831995994
929.184,651.561,843832026152
923.432,649.363,843832056406
918.469,648.349,843832086618
913.363,647.092,843832116776
907.688,645.987,843832147020
903.095,644.598,843832177242
897.803,642.733,843832207468
893.79,641.801,843832237676
890.934,641.859,843832267875
888.515,640.925,843832298033
885.247,639.868,843832328287
883.568,638.846,843832358444
882.672,638.463,843832388698
881.587,637.833,843832418915
880.725,637.521,843832449123
885.649,630.55,843832479281
893.683,602.988,843832509517
899.884,571.496,843832539683
901.802,552.219,843832569927
905.385,540.212,843832600145
909.769,530.293,843832630353
910.316,523.268,843832660501
902.229,496.399,843832690755
893.591,471.426,843832720894
887.979,455.33,843832751157
881.929,448.284,843832781315
879.971,442.916,843832811550
880.579,438.468,843832841763
879.712,437.155,843832871930
879.305,435.782,843832902211
879.645,434.073,843832932368
876.028,432.128,843832962622
871.166,430.258,843832992821
867.245,429.454,843833022988
864.64,428.998,843833053242
863.09,427.923,843833083436
860.941,428.205,843833113585
858.773,429.245,843833143848
858.281,429.625,843833174078
857.951,430.225,843833204268
857.547,431.315,843833234426
857.202,432.778,843833264680
856.917,433.736,843833294901
856.556,433.895,843833325118
856.481,433.73,843833355267
856.215,434.222,843833385530
856.103,435.176,843833415687
855.803,436.1,843833445941
855.742,433.802,843833476108
855.974,430.147,843833506380
856.085,425.281,843833536593
856.253,419.315,843833566801
856.653,413.208,843833597009
856.604,407.743,843833627217
855.98,402.632,843833657425
856.207,399.328,843833687582
855.687,398.135,843833717837
870.973,400.331,843833747993
890.55,404.673,843833778151
908.712,409.585,843833808405
925.614,413.832,843833838641
939.375,418.681,843833868797
950.491,421.711,843833898946
958.692,422.547,843833929200
963.552,423.682,843833959354
965.471,425.476,843833989512
967.471,426.638,843834019766
969.601,427.339,843834049923
971.074,427.706,843834080195
950.938,431.862,843834110334
867.875,445.395,843834140607
778.221,462.864,843834170852
719.014,475.766,843834201059
683.582,484.169,843834231267
660.214,489.264,843834261457
647.345,490.673,843834291665
642.39,489.933,843834321891
637.355,488.92,843834352099
639.797,489.473,843834382308
652.28,490.306,843834412525
659.572,490.996,843834442733
664.097,491.092,843834472941
668.118,491.598,843834503149
672.944,492.226,843834533357
677.936,492.726,843834563556
690.992,498.477,843834593763
709.339,507.598,843834623971
725.389,516.019,843834654111
737.698,522.407,843834684365
746.086,526.519,843834714577
752.592,529.141,843834744763
755.939,531.799,843834775016
757.923,534.328,843834805173
759.481,535.209,843834835427
758.29,547.242,843834865585
756.656,573.302,843834895839
